metro_title,primary_state,region,opportunity_score,median_income,unemployment_rate,population,establishments_per_10k,annual_payroll_per_employee,industry_entropy,cluster,pca_1,pca_2,cluster_name
"New York-Newark-Jersey City, NY-NJ",NY,Northeast,0.46919388071743867,99852,4.5,19940274,282.24386485361237,89.82669493862078,2.5631046841507623,3,-9.849233630273911,12.282240046620933,Major Metro Engine
"Los Angeles-Long Beach-Anaheim, CA",CA,West,0.46476790785062283,96405,5.4,12927614,318.6581839463957,75.11991188313435,2.6050711168178005,3,-6.865717003606308,10.107252054543624,Major Metro Engine
"Chicago-Naperville-Elgin, IL-IN",IL,Midwest,0.4792405481148879,90770,5.1,9406924,264.18731564111715,77.43704892076964,2.5845345107940774,3,-7.058362824234952,4.833223480268546,Major Metro Engine
"Dallas-Fort Worth-Arlington, TX",TX,South,0.4802906134693367,92733,3.9,8344032,227.39486138116442,72.41955697045886,2.578573866863936,3,-6.454000723846416,4.0215049720304865,Major Metro Engine
"Houston-Pasadena-The Woodlands, TX",TX,South,0.47016424444745786,81417,4.4,7796182,207.8645675537077,75.20620800288354,2.590691278402269,3,-4.562394464188023,3.3446189259797157,Major Metro Engine
"Miami-Fort Lauderdale-West Palm Beach, FL",FL,South,0.4168214423036828,80625,2.9,6457988,344.36112299991885,65.35859957937635,2.536009863142168,3,-1.9877598449641902,7.275757579771148,Major Metro Engine
"Washington-Arlington-Alexandria, DC-VA-MD-WV",DC,South,0.5000727191479241,126244,3.0,6437907,246.97778330752527,84.84786410689628,2.4567468739572513,3,-6.268479656646582,6.2032946478185895,Major Metro Engine
"Atlanta-Sandy Springs-Roswell, GA",GA,South,0.505817728021998,92344,3.4,6409047,254.4886938728956,71.56824275314548,2.568822446566754,3,-4.899566358430046,4.004869826514988,Major Metro Engine
"Philadelphia-Camden-Wilmington, PA-NJ-DE-MD",PA,Northeast,0.4815981766710117,90850,3.8,6330422,242.93957022138494,72.12345265323322,2.5727621595727608,3,-5.696759745407954,3.0877415842479645,Major Metro Engine
"Phoenix-Mesa-Chandler, AZ",AZ,West,0.4565634291585879,90133,3.2,5186958,220.9117559849145,64.86872982207856,2.551859688090533,2,-3.9162292515778705,3.0082617950358945,Elite Opportunity Market
"Boston-Cambridge-Newton, MA-NH",MA,Northeast,0.546399359690854,117825,3.7,5025517,266.25519324678436,94.16167854468651,2.5636748719406754,3,-7.80679058369628,4.590819032260138,Major Metro Engine
"Riverside-San Bernardino-Ontario, CA",CA,West,0.40077649289394296,91013,5.2,4744214,187.20698518237162,53.63145082488347,2.563496718395224,2,-0.7820730774619856,2.291034644688155,Elite Opportunity Market
"San Francisco-Oakland-Fremont, CA",CA,West,0.577280763262014,135590,4.2,4648486,286.6438664115585,129.83934435994925,2.550544475111097,3,-9.408666188110287,8.111574310698607,Major Metro Engine
"Detroit-Warren-Dearborn, MI",MI,Midwest,0.43017703259932843,76403,4.5,4400578,232.76487770470152,68.2282650779735,2.5565775719896395,2,-4.287562229285534,1.7998642849570412,Elite Opportunity Market
"Seattle-Tacoma-Bellevue, WA",WA,West,0.5179830091449329,112388,4.2,4145494,267.0007482823519,96.52518174596057,2.5731787482229294,3,-5.985552466439423,5.492294613168998,Major Metro Engine
"Minneapolis-St. Paul-Bloomington, MN-WI",MN,Midwest,0.5123083763846605,97928,2.9,3757952,264.6201973841071,72.87730687497812,2.5828544391872668,2,-5.765939395716216,1.8907942863985956,Elite Opportunity Market
"Tampa-St. Petersburg-Clearwater, FL",FL,South,0.4391028563469338,78275,3.5,3424560,266.70579578106384,62.41660042477612,2.5351449066453484,2,-1.7021923353093746,3.521503642356841,Elite Opportunity Market
"San Diego-Chula Vista-Carlsbad, CA",CA,West,0.4691159529379322,109132,4.3,3298799,283.15456625274834,76.3227306335106,2.533693359664666,2,-3.0861127467201634,5.401544093009314,Elite Opportunity Market
"Denver-Aurora-Centennial, CO",CO,West,0.5249336115766559,108046,4.2,3050512,300.0217668378292,76.83028356151745,2.565060878863883,2,-4.1005221791873145,4.3564031493589495,Elite Opportunity Market
"Orlando-Kissimmee-Sanford, FL",FL,South,0.45377843441401067,81044,3.3,2940513,265.09319972399373,55.92079344441534,2.5632798881478847,2,-1.039754244888382,4.699659510975742,Elite Opportunity Market
"Charlotte-Concord-Gastonia, NC-SC",NC,South,0.5132481731007748,85938,3.6,2883370,247.66505859463058,68.62137778839666,2.6027955479150076,2,-3.570585218204826,1.4932962657875404,Elite Opportunity Market
"Baltimore-Columbia-Towson, MD",MD,South,0.4717864001602676,98666,3.1,2859024,240.7359994179832,70.18721500092576,2.524188141985126,2,-3.5183988073689885,2.32805616794765,Elite Opportunity Market
"San Antonio-New Braunfels, TX",TX,South,0.44957567787808994,78112,3.8,2763006,188.51931555704186,57.03759556487191,2.5631172099822317,2,-2.043717983180734,0.7317196308893402,Elite Opportunity Market
"Austin-Round Rock-San Marcos, TX",TX,South,0.5337636515578335,99897,3.5,2550637,259.85665541588236,78.46639456278479,2.5453971393049013,2,-3.1976548389821695,3.7603302057531427,Elite Opportunity Market
"Portland-Vancouver-Hillsboro, OR-WA",OR,West,0.5056168086799381,98994,4.0,2537070,287.5088192284801,72.65592271334525,2.5811843853970364,2,-2.9132515039245503,2.886515094444529,Elite Opportunity Market
"Sacramento-Roseville-Folsom, CA",CA,West,0.45062410160713307,98775,4.7,2463127,227.2477221028392,69.18108783529232,2.5540944887018173,2,-0.977051258120649,3.487903519707102,Elite Opportunity Market
"Pittsburgh, PA",PA,Northeast,0.482360236957149,77214,3.6,2429917,253.62183152757893,63.79871539230518,2.5683340058794193,2,-3.518004741751019,0.33068813512043516,Elite Opportunity Market
"Las Vegas-Henderson-North Las Vegas, NV",NV,West,0.40869309939124354,80028,5.8,2398871,225.9479563511335,55.01457208730119,2.5557927206501314,2,-0.6441306508520348,2.997267507965242,Elite Opportunity Market
"Cincinnati, OH-KY-IN",OH,Midwest,0.483705386126251,81489,4.2,2304804,209.36704379201007,64.00674688415035,2.5980951960176784,2,-5.052163422474323,-0.7505764308806587,Elite Opportunity Market
"Kansas City, MO-KS",MO,Midwest,0.5176945153192579,83785,3.6,2254288,244.44081679004634,65.32004609903623,2.579393391801871,2,-3.6179292718148757,0.3164834593061007,Elite Opportunity Market
"Columbus, OH",OH,Midwest,0.4752513273679142,82938,4.0,2225377,208.58937609223065,61.19484825351449,2.576460562545926,2,-4.303905978152568,-0.7673480470970176,Elite Opportunity Market
"Indianapolis-Carmel-Greenwood, IN",IN,Midwest,0.4852189650490545,80239,3.8,2173288,235.01717213733292,64.15621590150319,2.5844418269554734,2,-3.5852899696605194,0.06601737994992216,Elite Opportunity Market
"Cleveland, OH",OH,Midwest,0.477317592765675,72532,3.8,2171877,236.89186818590554,65.46261631235764,2.589654617877162,2,-3.582223412857249,-0.0897640849739426,Elite Opportunity Market
"Nashville-Davidson--Murfreesboro--Franklin, TN",TN,South,0.5324640408851559,88800,2.8,2151715,236.60196633847886,67.17443064948864,2.605084872904629,2,-4.244034544796016,0.5704689888231983,Elite Opportunity Market
"San Jose-Sunnyvale-Santa Clara, CA",CA,West,0.7228693742998267,164801,4.2,1995484,252.17942113291812,180.1413514796912,2.5559449797998663,3,-13.752152191254646,7.106661021383224,Major Metro Engine
"Virginia Beach-Chesapeake-Norfolk, VA-NC",VA,South,0.44060586336074875,82402,3.1,1796689,220.7894632849647,55.93090503878382,2.520725642728366,2,-0.513571536941733,1.673057347391162,Elite Opportunity Market
"Jacksonville, FL",FL,South,0.4543128105090466,82053,3.5,1760548,250.78555086257234,60.79219469460806,2.544137027227991,2,-1.370047607894281,1.908294116750992,Elite Opportunity Market
"Providence-Warwick, RI-MA",RI,Northeast,0.44072264640321046,82870,4.5,1700901,251.22567392223297,61.07048124465594,2.5593859975191777,2,-1.1675799295910458,1.2048390491105685,Elite Opportunity Market
"Milwaukee-Waukesha, WI",WI,Midwest,0.4874248568899984,77919,3.2,1574452,250.7920216049775,67.341530596988,2.583598518365077,2,-4.735860424055127,-0.6368129044044064,Elite Opportunity Market
"Raleigh-Cary, NC",NC,South,0.5306211177794002,102144,3.1,1562009,251.29176592452413,68.96880703339697,2.5435479646833383,2,-2.4388728584727692,2.2857199418127236,Elite Opportunity Market
"Oklahoma City, OK",OK,South,0.4993629450309519,72930,3.1,1497821,252.6002773362104,55.61199736632561,2.5852100994464906,2,-0.18072937968475683,0.647084728763067,Elite Opportunity Market
"Louisville/Jefferson County, KY-IN",KY,South,0.46293856312468923,74305,4.5,1396762,226.43800447033925,60.38657306782833,2.576419871157768,0,-3.73422620955455,-1.7859829195829147,Mixed Market 0
"Richmond, VA",VA,South,0.4924621918934539,83460,3.0,1368219,245.49432510438754,67.60008895251464,2.5715348403348197,2,-2.457559847109735,1.2414661855666915,Elite Opportunity Market
"Memphis, TN-MS-AR",TN,South,0.4450497702139293,68124,4.1,1337653,195.3496160813006,60.573921157650865,2.579566521831158,0,-4.3446908688752,-2.0788267724314355,Mixed Market 0
"Salt Lake City-Murray, UT",UT,West,0.542054426191682,100548,3.2,1300762,283.82594202475167,70.06115935763601,2.5825863613477873,2,-4.696705426990102,1.3169021821712217,Elite Opportunity Market
"Birmingham, AL",AL,South,0.4920525528669007,74954,2.9,1192583,228.07636868880405,63.506168910190404,2.5694920596580935,2,-1.8698729866564578,-0.07215374325152753,Elite Opportunity Market
"Fresno, CA",CA,West,0.3497318927289236,74983,7.9,1189557,180.8236175315685,55.28743268423223,2.5667317851195337,1,0.540975141029551,0.5486748934448116,High-Unemployment Market
"Grand Rapids-Wyoming-Kentwood, MI",MI,Midwest,0.4816831472055968,81541,4.0,1178826,234.0548986873381,57.57142592493104,2.5869811658082904,0,-3.9221845923490153,-2.0133264771688677,Mixed Market 0
"Hartford-West Hartford-East Hartford, CT",CT,Northeast,0.4862587502488865,94419,3.2,1169048,240.63169348050724,71.37359818847098,2.5547757408788407,2,-3.9966874515906827,0.04561456939181282,Elite Opportunity Market
"Buffalo-Cheektowaga, NY",NY,Northeast,0.44067054001920897,72300,3.9,1160172,232.4827697962026,57.63959400461378,2.560958106670574,2,-2.1237305178450416,-0.5414818838253207,Elite Opportunity Market
"Tucson, AZ",AZ,West,0.41218688577111356,72067,3.6,1080149,197.94491315549982,54.982789672046174,2.5401169220329964,4,1.0670781580067117,1.108564041825594,Business-Dense Market
"Tulsa, OK",OK,South,0.5025406611426211,69658,3.3,1060423,241.08303950404698,58.25125604405166,2.6049851491725833,0,-1.0742342829661895,-0.5948887537099857,Mixed Market 0
"Rochester, NY",NY,Northeast,0.4580568416980028,76453,3.6,1057218,226.2163527295222,56.48120586538197,2.583349579156788,2,-2.028889977207544,-0.26149715271000146,Elite Opportunity Market
"Omaha, NE-IA",NE,Midwest,0.5282816787751696,84524,3.0,1001186,252.6004159067346,61.429728982543594,2.576661959150653,2,-2.8434141961208925,0.024050045911032294,Elite Opportunity Market
"Urban Honolulu, HI",HI,West,0.44429576083309497,105205,2.7,998747,209.1620800863482,61.23196871695533,2.5379702799313413,2,-0.5635162149091212,2.7329301468170883,Elite Opportunity Market
"Greenville-Anderson-Greer, SC",SC,South,0.4583556887973918,75881,3.8,996680,229.68254605289562,53.560789758872936,2.555793179139305,0,-1.3433524416943856,-0.5793352630416243,Mixed Market 0
"Bridgeport-Stamford-Danbury, CT",CT,Northeast,0.5698358800371669,116402,3.1,972679,276.51465694232115,99.26592255421856,2.568971814464969,2,-3.4066925632661715,3.713238978544869,Elite Opportunity Market
"New Orleans-Metairie, LA",LA,South,0.4433403862081948,62373,4.4,966230,260.1140515198245,61.92246368924524,2.5733516008567143,2,-1.3276231783859267,0.9302750293125474,Elite Opportunity Market
"Knoxville, TN",TN,South,0.4567566690468422,74184,3.2,957376,205.2694030349622,58.97218038083168,2.5473760983991967,2,-2.2303058287571824,-0.6061534917163053,Elite Opportunity Market
"North Port-Bradenton-Sarasota, FL",FL,South,0.43275826404814943,82106,3.6,934956,290.54843222568763,53.55786732359669,2.521902944545293,4,2.7805352261064966,3.547586035743655,Business-Dense Market
"Albuquerque, NM",NM,West,0.4350029480937453,76097,3.9,929919,209.0934801848333,54.34432753229011,2.5485806706866887,2,-0.18343634315199675,0.8144777411207514,Elite Opportunity Market
"Bakersfield-Delano, CA",CA,West,0.34079945840812215,71596,8.6,922529,155.57234515120933,56.578912042955764,2.5854703953722358,1,1.2709042038157856,0.46295035990672606,High-Unemployment Market
"McAllen-Edinburg-Mission, TX",TX,South,0.329332668720406,56720,6.0,914820,146.40038477514702,36.894866524362925,2.4849255790857065,1,1.410484156533322,-2.501698595126355,High-Unemployment Market
"Albany-Schenectady-Troy, NY",NY,Northeast,0.4673395153917185,86637,3.3,913485,234.54134441178564,65.40911049128718,2.543235104831752,2,-1.8831303226582239,0.6890589753263141,Elite Opportunity Market
"Allentown-Bethlehem-Easton, PA-NJ",PA,Northeast,0.44772577703801025,83974,3.9,886418,210.97270136662388,59.79259359031097,2.5645919006538747,0,-2.585503182223797,-1.228273907963603,Mixed Market 0
"Baton Rouge, LA",LA,South,0.4563199277995828,69293,4.1,882652,221.9334460240276,61.32093605875989,2.5605344940751626,2,-1.043676037492096,0.2372993391512185,Elite Opportunity Market
"Worcester, MA",MA,Northeast,0.4596187169677003,96602,4.1,881248,217.65723156251136,63.32972075613538,2.542162030281414,2,-1.51989787225902,0.4724834631469983,Elite Opportunity Market
"El Paso, TX",TX,South,0.40088110597252313,59834,4.2,877840,185.80834776269026,42.774420796355926,2.563536645880126,1,0.7357483268823776,-0.9483077680701982,High-Unemployment Market
"Columbia, SC",SC,South,0.4365819889276085,70788,4.0,871176,216.43158213724894,51.15841817031813,2.565151853492146,1,-0.3622277423385827,-0.6921078883152413,High-Unemployment Market
"Charleston-North Charleston, SC",SC,South,0.4764965492763622,90307,3.5,869940,263.1445846840012,58.75652487472489,2.5543935087279834,4,0.25487080881281243,2.1248413791247387,Business-Dense Market
"Cape Coral-Fort Myers, FL",FL,South,0.41487642051764634,83602,3.5,860959,264.3099148739952,55.4165486775783,2.491315741005661,4,2.342144315501626,3.6871730949693564,Business-Dense Market
"Lakeland-Winter Haven, FL",FL,South,0.3873537013543763,66779,4.2,852878,164.05628941067775,50.1554990141124,2.5697530556393984,0,-0.5955838067456982,-0.1947297817277408,Mixed Market 0
"Boise City, ID",ID,West,0.49194271526189376,88695,3.5,844979,283.2378082768921,61.498517224443106,2.5459303984669934,2,-0.3248526625220524,1.8287368790958818,Elite Opportunity Market
"Oxnard-Thousand Oaks-Ventura, CA",CA,West,0.4969513797216143,114238,4.6,835427,275.21255597437,66.40377863111397,2.5798628895239326,4,-0.08888591144712421,3.418533075158832,Business-Dense Market
"Dayton-Kettering-Beavercreek, OH",OH,Midwest,0.43237732450268485,72711,4.3,821740,199.2357680044783,57.58098480721506,2.542404575368991,0,-2.5099579299400325,-1.953192593586127,Mixed Market 0
"Stockton-Lodi, CA",CA,West,0.3853073964404859,93038,6.5,816108,167.11023541001927,56.82647803872741,2.5471908977279942,0,-1.297875618140998,-0.718991441554277,Mixed Market 0
"Greensboro-High Point, NC",NC,South,0.4481536262781329,66072,4.0,800722,232.15298193380474,54.825767252603164,2.5879133711265436,0,-2.2035993891625836,-1.3762880729582123,Mixed Market 0
"Colorado Springs, CO",CO,West,0.4498503016755848,90760,4.3,777635,253.02359075916078,59.37583525230002,2.5223951005420786,4,0.7115212597446408,2.7668079504515566,Business-Dense Market
"Little Rock-North Little Rock-Conway, AR",AR,South,0.4678925296027777,68344,3.2,770959,248.65135500071986,56.51731794382873,2.5440172511964834,1,-0.9873591402514893,-0.8197699891239336,High-Unemployment Market
"Provo-Orem-Lehi, UT",UT,West,0.5055013959447268,101014,3.3,760154,234.89977030970041,55.6873894673904,2.5439500205235057,2,-1.7337245730768114,1.556190156610828,Elite Opportunity Market
"Des Moines-West Des Moines, IA",IA,Midwest,0.5438334659837256,85446,3.0,753913,251.30220595745132,65.6230887961026,2.5914859690038288,2,-3.7701118162094653,-0.2678257962688038,Elite Opportunity Market
"Deltona-Daytona Beach-Ormond Beach, FL",FL,South,0.3914391821197325,73701,3.9,739516,230.75903699176217,45.5702040445984,2.519163146872541,4,3.937624247983355,2.7013358904937412,Business-Dense Market
"Kiryas Joel-Poughkeepsie-Newburgh, NY",NY,Northeast,0.4273948935392175,95125,3.5,711730,254.92813285937083,54.43313691258903,2.5382083940698186,4,1.4944508732328676,2.035333761071421,Business-Dense Market
"Madison, WI",WI,Midwest,0.5383859400847394,89714,2.4,707606,251.42522816369564,68.72670511401805,2.5996180522835286,2,-3.9718356678756863,0.2561151200476827,Elite Opportunity Market
"Winston-Salem, NC",NC,South,0.4277352435523683,65903,3.6,705187,203.29359446501425,56.30650006801267,2.549200590524037,0,-2.0915692485668678,-1.2257557460973922,Mixed Market 0
"Akron, OH",OH,Midwest,0.46686802488490103,71364,4.4,702209,232.97907033376103,57.415884108855664,2.6025621013902547,0,-2.616270185596158,-1.8961673970223594,Mixed Market 0
"Ogden, UT",UT,West,0.48269731486404266,98456,3.0,669210,230.22668519597735,51.2479437240175,2.5426687098244933,4,0.9900404727026091,1.2820870524141568,Business-Dense Market
"Wichita, KS",KS,Midwest,0.48384833581969555,71810,3.9,661217,232.40479298021677,57.09696242916008,2.5756288425917466,0,-1.3922756513306171,-1.5109824104364797,Mixed Market 0
"Palm Bay-Melbourne-Titusville, FL",FL,South,0.41932207409225525,78196,3.5,658447,235.55426632667474,57.834085147175465,2.5189425423742353,4,0.8431499021978418,2.030155334699232,Business-Dense Market
"Syracuse, NY",NY,Northeast,0.45554794796273906,76313,3.6,655189,222.63804795257553,57.95955248916517,2.565590584976756,0,-1.8082242890517195,-0.9750864047452027,Mixed Market 0
"Augusta-Richmond County, GA-SC",GA,South,0.41662240670063516,72176,4.4,636658,182.829713912336,54.28240819726423,2.526932405325561,1,0.8087747850964044,-0.6081136427768805,High-Unemployment Market
"Durham-Chapel Hill, NC",NC,South,0.4907960290661043,83542,3.2,620522,229.1135527829795,83.54472092553891,2.5496255304769577,2,-4.764317426197631,0.36988936199581396,Elite Opportunity Market
"Harrisburg-Carlisle, PA",PA,Northeast,0.4603345244061793,80904,3.3,615361,231.9614015187833,60.880441299509855,2.5611479956346046,0,-3.959532971196841,-1.56257333002703,Mixed Market 0
"Jackson, MS",MS,South,0.4647219054300591,64835,2.8,605803,237.02424715625378,51.488758099633074,2.5638072504053038,1,-0.2092273521541322,-0.957957507316253,High-Unemployment Market
"Fayetteville-Springdale-Rogers, AR",AR,South,0.5447101567839068,81208,2.7,605547,236.3317793664241,67.28642829050865,2.613600354320637,0,-3.014467852470917,-1.1125627213000757,Mixed Market 0
"Spokane-Spokane Valley, WA",WA,West,0.45858637013008197,84350,4.6,604962,254.04901464885398,57.72342392716098,2.5780765409320923,2,0.031849138212889525,0.8356293031957943,Elite Opportunity Market
"Toledo, OH",OH,Midwest,0.4215113891783004,66095,5.5,601396,217.29442829682938,55.94430324785429,2.5649581345865475,0,-2.6917676624248856,-2.4506981693120933,Mixed Market 0
"Chattanooga, TN-GA",TN,South,0.46560956088145783,75076,3.2,588763,214.36469343352078,54.488964332393486,2.550045175172094,0,-1.7148924833274322,-1.6109220907018256,Mixed Market 0
"New Haven, CT",CT,Northeast,0.44863847228621684,89645,3.2,576718,238.9209284260245,65.04836636010239,2.539438190500638,2,-2.6715563705267695,0.21145134212011982,Elite Opportunity Market
"Reno, NV",NV,West,0.4940456711896644,89159,4.8,575266,264.78185743638596,62.68712187061628,2.615424135187958,2,-0.5778909510008529,1.4077110095330163,Elite Opportunity Market
"Scranton--Wilkes-Barre, PA",PA,Northeast,0.4125138699217671,68079,4.2,574009,227.22640237348196,51.485010881735036,2.5298717873394745,0,-1.8500791725651384,-2.591691158717234,Mixed Market 0
"Portland-South Portland, ME",ME,Northeast,0.5210400040306454,93062,2.7,571534,335.36062596450955,63.04098724603065,2.5591300710583527,2,-0.8328186782649835,1.4246064442686315,Elite Opportunity Market
"Lancaster, PA",PA,Northeast,0.47134221024850653,85802,2.9,563293,244.56188875061468,55.46168683008593,2.544814170941921,0,-1.8903955709652478,-1.022436967379535,Mixed Market 0
"Modesto, CA",CA,West,0.3583512753522727,78673,6.9,556972,179.77564401801166,58.85186541303239,2.5543768532497744,4,1.0080598930461913,0.679179652271481,Business-Dense Market
"Port St. Lucie, FL",FL,South,0.41988238940775063,80659,3.8,556336,246.11026430071036,47.79481909625286,2.528575342017605,4,3.813349354665254,2.496750364975653,Business-Dense Market
"Huntsville, AL",AL,South,0.4803536709936765,87049,2.6,542297,201.43943263562218,65.78034526615215,2.5009585383244195,2,-2.8947061304010138,-0.6625774148608269,Elite Opportunity Market
"Pensacola-Ferry Pass-Brent, FL",FL,South,0.4060644598678656,74248,3.5,538928,205.81599026215005,52.30008363607851,2.522477575157954,4,1.984160573632128,1.3114909566258528,Business-Dense Market
"Lexington-Fayette, KY",KY,South,0.4657400011257216,71444,4.2,533366,252.92200852697772,55.11555090887885,2.5813624679858,0,-1.1743113954243205,-0.8416427562007242,Mixed Market 0
"Killeen-Temple, TX",TX,South,0.3914566785775105,68465,4.4,509487,141.31862049473293,53.6033959208462,2.521612011537686,1,1.7081620306860243,-0.6027957240603194,High-Unemployment Market
"Springfield, MO",MO,Midwest,0.47931072683132175,67219,3.3,500004,247.6780185758514,52.06150241185929,2.575915988577639,0,-0.7437253157547754,-1.0757493063798924,Mixed Market 0
"Santa Rosa-Petaluma, CA",CA,West,0.49499529490114946,107274,4.1,485375,300.2214782384754,69.24330343299486,2.545815358499061,4,0.3624550921794989,2.9858832865253087,Business-Dense Market
"Visalia, CA",CA,West,0.2932791753754669,69880,10.3,483546,148.6725151278265,52.68813493097161,2.5445452132567925,1,1.5075769507442334,-0.6011520559986095,High-Unemployment Market
"Wilmington, NC",NC,South,0.4510232596406488,78890,3.5,480522,276.8239539500793,54.49366845510305,2.5175976979821137,4,2.135237700904757,2.393119226339784,Business-Dense Market
"Lansing-East Lansing, MI",MI,Midwest,0.4193461131303848,72010,4.4,479971,203.0956036927231,56.84809781505391,2.5461102698790072,2,-1.168892086247276,-0.611950677544983,Elite Opportunity Market
"York-Hanover, PA",PA,Northeast,0.4531965498184806,81453,3.4,471240,187.5901875901876,54.539642001793396,2.561572793953798,0,-2.1042513483863186,-2.390643605585468,Mixed Market 0
"Springfield, MA",MA,Northeast,0.4000403930839444,71402,5.1,464151,201.20607302364962,57.0047942445361,2.5403468075418836,0,-1.2251172952897773,-1.6081162622447824,Mixed Market 0
"Fort Wayne, IN",IN,Midwest,0.46421419866787716,71251,3.9,462978,238.73704582075175,55.76795217749794,2.577768904360455,0,-2.2600493545336198,-2.56385608401307,Mixed Market 0
"Waterbury-Shelton, CT",CT,Northeast,0.42458075157911107,79889,3.6,462220,197.1788325905413,66.36465256589506,2.5295897027932845,2,-1.4113034687604755,0.12167198298133264,Elite Opportunity Market
"Vallejo, CA",CA,West,0.3869770476062752,94930,5.0,455101,170.40173499948364,63.16820752397344,2.5270951398841714,4,0.3790275035771389,1.5429801495456577,Business-Dense Market
"Corpus Christi, TX",TX,South,0.43605115404232564,68650,4.4,448853,219.49279608245908,54.0229869657588,2.567586742037612,1,1.1835431011941326,0.541292081819234,High-Unemployment Market
"Santa Maria-Santa Barbara, CA",CA,West,0.4647896212146242,95637,4.5,444500,280.85489313835774,69.0692197432382,2.57769711877225,4,-0.09548724654176251,3.7247901207992085,Business-Dense Market
"Salem, OR",OR,West,0.40897205713248247,82732,4.1,443416,242.7291753116712,51.24097010326324,2.534049458525273,4,2.6789432065960828,1.7577651755087302,Business-Dense Market
"Reading, PA",PA,Northeast,0.44586048279782214,78074,3.7,439117,194.04851098909856,57.52512386229649,2.573657065078914,0,-2.2648811237448254,-1.438254198228815,Mixed Market 0
"Salinas, CA",CA,West,0.38807950645869577,93290,7.3,436251,211.16283974134157,60.396038840937116,2.5731385385602015,4,2.206641814364504,3.3988450757925133,Business-Dense Market
"Brownsville-Harlingen, TX",TX,South,0.34354218958686283,53267,5.2,431874,155.87879798274497,36.64861130190951,2.5096521762738226,1,1.0458846801327897,-2.8735011810262456,High-Unemployment Market
"Savannah, GA",GA,South,0.4724590186692553,80518,3.1,431589,252.34656119595263,53.621342602199626,2.546022694302673,0,-0.22438888779323216,-0.3965784536899064,Mixed Market 0
"Manchester-Nashua, NH",NH,Northeast,0.5152525320891265,106013,2.8,430462,256.18986112595303,71.91879294475244,2.562537119864348,2,-2.507506909359503,1.2888548424855382,Elite Opportunity Market
"Ocala, FL",FL,South,0.38502238162759195,64410,4.2,428905,195.59109826185286,47.27333294085325,2.5439258296840195,4,3.299705682046681,0.4948098379756495,Business-Dense Market
"Gulfport-Biloxi, MS",MS,South,0.40142665842657277,65256,2.9,426793,184.67969249729964,51.24514693936426,2.4885134916417164,1,1.776812457560698,-0.9580663340953741,High-Unemployment Market
"Youngstown-Warren, OH",OH,Midwest,0.3982232223371997,57812,5.0,426086,215.7076270987547,48.761810868928464,2.531882823759931,1,1.1875530642241447,-1.4230928051131913,High-Unemployment Market
"Asheville, NC",NC,South,0.45413423462356,76275,4.0,422333,316.1012755337612,50.91045885413287,2.530341662322742,4,1.6399317001422449,0.6409088341950293,Business-Dense Market
"Lafayette, LA",LA,South,0.4837174978272566,60527,3.8,419704,282.91367249299503,55.10732387534861,2.5916532674174113,1,0.7524313402097423,-0.19419642102172982,High-Unemployment Market
"Naples-Marco Island, FL",FL,South,0.4758760325494918,95862,3.4,416233,349.3476009831032,58.45383688704273,2.488291637642526,4,3.2286290692939605,4.828305129819242,Business-Dense Market
"Myrtle Beach-Conway-North Myrtle Beach, SC",SC,South,0.3749815378533149,68534,4.7,413391,255.20633008459305,42.013554995476284,2.467322309534266,4,4.723711433883166,2.8845426933366665,Business-Dense Market
"Mobile, AL",AL,South,0.44506488659202253,60379,3.8,412339,217.29693286349337,54.34784867879095,2.573692433492065,0,-0.8175334394797757,-0.8215043382937917,Mixed Market 0
"Anchorage, AK",AK,West,0.5083599785079761,102698,4.2,407213,285.37890489743694,72.83169591845372,2.573687120316633,2,-1.144883462373332,2.4172622628837805,Elite Opportunity Market
"Flint, MI",MI,Midwest,0.34604360836826126,63594,5.7,402279,192.22977088040886,50.796700073533664,2.4823053136291575,1,1.0667107753134235,-0.5506910834300622,High-Unemployment Market
"Canton-Massillon, OH",OH,Midwest,0.45338239671507125,69597,4.5,400551,215.82769734690464,50.59597122897515,2.5729243101136197,0,-0.29596163203822917,-2.3317737915065875,Mixed Market 0
"Tallahassee, FL",FL,South,0.4064274865408647,65009,3.5,399098,242.92279089346474,54.31145311323581,2.506845828664692,4,2.1536270927806673,1.9284322399961837,Business-Dense Market
"Beaumont-Port Arthur, TX",TX,South,0.4139710037922638,65775,5.4,398733,198.50376066189656,60.575757120312616,2.5395574644219723,1,0.13673260221711941,-0.6312295515767848,High-Unemployment Market
"Spartanburg, SC",SC,South,0.44569466715615225,68505,4.3,395934,197.43189521485905,55.88585827498653,2.5793457727936056,0,-2.457866748459407,-3.1253846698682537,Mixed Market 0
"Fayetteville, NC",NC,South,0.334115161322319,61379,4.5,393812,163.47902044630433,45.13211814540088,2.4647883674954603,1,2.1850403808867296,-0.5040596578930379,High-Unemployment Market
"Trenton-Princeton, NJ",NJ,Northeast,0.49621591821550415,104148,4.4,392138,246.92837725494599,86.38403492929604,2.523039126262402,2,-6.072922595895592,0.5683698701197071,Elite Opportunity Market
"Montgomery, AL",AL,South,0.446800222650954,66706,3.1,386587,206.16316637652068,51.12573770859669,2.553642044524212,1,0.07838473967494171,-1.2605087669658692,High-Unemployment Market
"Shreveport-Bossier City, LA",LA,South,0.46693128774192505,57514,4.4,383269,239.85764567444795,52.14676489844666,2.6018619965639904,1,1.2727797864645056,-0.9664030805419426,High-Unemployment Market
"Eugene-Springfield, OR",OR,West,0.4247429895532674,73476,4.2,382396,265.4577976757079,53.04486285448628,2.5742899805864154,4,1.5208353578952443,1.0361620087612997,Business-Dense Market
"Davenport-Moline-Rock Island, IA-IL",IA,Midwest,0.47786741706600416,71446,4.6,381415,231.03443755489428,57.940443721966346,2.5830766627510204,0,-2.33614816091044,-2.4931977198323425,Mixed Market 0
"Fort Collins-Loveland, CO",CO,West,0.4975038093211253,93276,4.1,374574,314.06344273761664,62.83983313861393,2.5521282756350177,4,1.0320283027892116,2.440940496097613,Business-Dense Market
"Ann Arbor, MI",MI,Midwest,0.46446681604990514,90523,3.8,373875,222.5877632898696,70.7775749411424,2.5404737828421466,2,-2.2735344639558446,0.5922836296182505,Elite Opportunity Market
"Hickory-Lenoir-Morganton, NC",NC,South,0.4331467789867752,64059,3.6,373031,211.80545316609076,49.85267173427379,2.5409076116808484,0,-1.4618142015537192,-3.7484297423987476,Mixed Market 0
"Atlantic City-Hammonton, NJ",NJ,Northeast,0.35969040222774706,80806,6.2,372989,268.31890484705986,52.088855924346376,2.4302649920811423,4,3.278344057681043,2.5131251752300634,Business-Dense Market
"Greeley, CO",CO,West,0.5210559755483877,101563,4.5,369745,201.5983988965368,65.13531847761783,2.6245681041626505,4,0.8690304493443519,1.7144987487005625,Business-Dense Market
"Lubbock, TX",TX,South,0.4604413938849626,64469,3.5,367530,240.63341768018938,48.490679688847884,2.600135445563796,1,1.0833660035921782,-0.3273243163940465,High-Unemployment Market
"Huntington-Ashland, WV-KY-OH",WV,South,0.3930987519318051,61741,5.0,366760,191.35129239829863,51.61496364430513,2.5199729054042783,1,1.0850003273282725,-1.8231132525401363,High-Unemployment Market
"Peoria, IL",IL,Midwest,0.46602767080130075,74352,4.9,365668,221.0748547863089,63.10032567566719,2.570127247360006,0,-3.0796945997072007,-1.9173272618619794,Mixed Market 0
"Gainesville, FL",FL,South,0.37893914288023145,61949,3.8,360881,218.96414607585325,52.381387766673754,2.525125529358635,1,2.0149211582053534,0.5041923591333276,High-Unemployment Market
"Lincoln, NE",NE,Midwest,0.4910594790878912,74935,2.5,351919,269.49383238756644,54.93968335914644,2.5463962225684345,2,-1.5211301063449287,0.0596435152567906,Elite Opportunity Market
"Clarksville, TN-KY",TN,South,0.37996820523974345,72347,4.1,344003,149.0975369400848,45.162882659268995,2.4796436531941795,1,1.9258015407258955,-1.5965289104434424,High-Unemployment Market
"Rockford, IL",IL,Midwest,0.43721196053427475,70111,5.6,337103,212.87262350082912,56.63140822546091,2.583120631940313,0,-1.7343899353549912,-2.4487696085735284,Mixed Market 0
"Green Bay, WI",WI,Midwest,0.5187089100908481,79876,2.7,334697,238.06607170067255,60.367076692970244,2.602696021936183,0,-3.334006624228321,-2.9035747331312245,Mixed Market 0
"Boulder, CO",CO,West,0.5172906358416307,102697,4.2,330262,393.3240881481975,82.81369385850056,2.4957124993069613,2,-2.7059191361682724,4.461554431506816,Elite Opportunity Market
"Columbus, GA-AL",GA,South,0.38684367893134664,60100,4.0,328206,187.6260641182672,50.971550338710664,2.507346110382348,1,1.0234857231952437,-0.6184215065635039,High-Unemployment Market
"South Bend-Mishawaka, IN-MI",IN,Midwest,0.4054048453689103,63894,4.9,325294,207.07421594004194,51.837222217876615,2.561886945132921,0,-1.4978735926059183,-1.9013394682417806,Mixed Market 0
"Kennewick-Richland, WA",WA,West,0.4436915628585767,89573,5.0,319428,216.88768674004783,64.1240579479898,2.5414630000117255,4,0.8502619707317005,1.664561859895211,Business-Dense Market
"Roanoke, VA",VA,South,0.4779615587798205,72557,2.9,315456,265.266788395212,54.31768849629262,2.5693942435841763,0,-1.7037501365760293,-1.4719930113035729,Mixed Market 0
"Kingsport-Bristol, TN-VA",TN,South,0.41634297055889924,62096,3.6,314259,191.56173729312445,54.482667141810694,2.5043412218608454,1,0.9522111364665394,-2.284141714747577,High-Unemployment Market
"Hagerstown-Martinsburg, MD-WV",MD,South,0.4335886933153181,80901,3.3,312992,175.97893875881812,49.7213776084974,2.522590313912308,1,0.3715332597112764,-1.6611989694312086,High-Unemployment Market
"Crestview-Fort Walton Beach-Destin, FL",FL,South,0.444946738014789,81933,3.1,310149,301.75818719389713,49.92122929380994,2.4786808105558404,4,4.716697683779995,3.6504933518895575,Business-Dense Market
"Sioux Falls, SD-MN",SD,Midwest,0.5709494288976584,82509,1.7,308711,297.0415696233694,58.57170785941374,2.6010140371322676,2,-1.8082618513033517,-0.8785426718144629,Elite Opportunity Market
"Waco, TX",TX,South,0.42974284482725156,67792,3.8,305814,211.92620350932265,50.65778736251887,2.557108406914303,0,-0.5129170583680285,-1.1182439630856458,Mixed Market 0
"Olympia-Lacey-Tumwater, WA",WA,West,0.43575932981391585,98264,4.6,302912,219.73378406930064,53.45636019569833,2.5296927248870245,4,2.755861200094789,1.969573778457324,Business-Dense Market
"Merced, CA",CA,West,0.2688284648514372,64980,9.8,296774,121.03486154447491,49.48170350186699,2.522475728221909,1,3.2848135205154056,-0.6860493206036807,High-Unemployment Market
"Longview, TX",TX,South,0.47875069133285436,65711,4.7,295490,231.88601983146637,52.966547627026145,2.6340408101863746,1,0.4263726425468005,-1.3954918491906225,High-Unemployment Market
"College Station-Bryan, TX",TX,South,0.4311265415667199,61983,3.4,288771,194.9988052816938,48.70051474567879,2.5830691082634236,1,1.7733200831888885,-0.026274995610728356,High-Unemployment Market
"Utica-Rome, NY",NY,Northeast,0.4229105304771909,71584,3.8,287932,202.7214759040329,52.23141734142011,2.5271065579185774,1,0.7160152269701513,-1.4161989902785284,High-Unemployment Market
"Norwich-New London-Willimantic, CT",CT,Northeast,0.42308258123179954,89431,3.1,282602,208.17262439756266,61.22097482464681,2.4748079573017145,1,0.7674607305601475,0.16134509402072245,High-Unemployment Market
"San Luis Obispo-Paso Robles, CA",CA,West,0.4599019660579614,100724,4.1,281843,317.9784489946531,57.731168962722855,2.529417390144451,4,2.5486416154487412,3.592803807904228,Business-Dense Market
"Duluth, MN-WI",MN,Midwest,0.47128131482350466,69309,3.5,281815,250.73186310168018,55.3623347914021,2.546243698564802,1,1.1072244779605862,-0.6605594111623881,High-Unemployment Market
"Bremerton-Silverdale-Port Orchard, WA",WA,West,0.44544159147944157,109052,4.5,281420,222.86973207305806,52.84170782674772,2.5121143777838366,4,4.10505370788318,3.4789087760666586,Business-Dense Market
"Tuscaloosa, AL",AL,South,0.44014872991897536,62280,3.3,281081,167.3894713623475,57.37997465427542,2.565722385255725,0,-0.09388277446324977,-2.0918399642967778,Mixed Market 0
"Cedar Rapids, IA",IA,Midwest,0.5179270691676855,75295,3.3,278677,243.75890367701675,59.76474767347449,2.5937747703072467,0,-2.532510935640608,-1.899398634031518,Mixed Market 0
"Amarillo, TX",TX,South,0.4716526098937526,69595,3.1,278330,238.2064455861747,55.57325938022783,2.5760733474586166,1,1.248689664812719,-0.6853319487340499,High-Unemployment Market
"Slidell-Mandeville-Covington, LA",LA,South,0.4755150999824978,82337,3.9,277615,255.78589053185166,53.997143088471724,2.530172896914994,4,2.5280029053703643,1.3651426745360464,Business-Dense Market
"Laredo, TX",TX,South,0.3319069633233132,60580,4.2,272823,214.0581989055175,38.10088213438166,2.387673255007532,1,1.2985293111226481,-2.309158164222556,High-Unemployment Market
"Evansville, IN",IN,Midwest,0.45854045059675413,67459,3.9,271793,254.23759993818825,56.637564885662904,2.565591911029467,0,-2.623928212310647,-2.3783599961464144,Mixed Market 0
"Fargo, ND-MN",ND,Midwest,0.5315457617920456,76945,2.3,267793,272.37455796081304,60.68639239776423,2.586875576792727,2,-2.5995777881633275,-0.9430136090415798,Elite Opportunity Market
"Erie, PA",PA,Northeast,0.4241293010485462,63322,3.8,267750,227.93650793650792,51.455889941314865,2.543413372160578,0,-1.2173020781550896,-2.8147751166800816,Mixed Market 0
"Lynchburg, VA",VA,South,0.44920862359909264,65735,3.2,267427,230.23105370811473,53.41241019336766,2.5421458351441824,1,0.17395465196542895,-1.417142509621424,High-Unemployment Market
"Kalamazoo-Portage, MI",MI,Midwest,0.4283801620136369,71069,4.2,264780,215.42412568925147,60.23239381054662,2.547514201500349,0,-2.7293609294114693,-2.0557023030850323,Mixed Market 0
"Bend, OR",OR,West,0.5021186941596179,95979,4.2,264407,365.4593108351897,56.99767444473155,2.552368189079862,4,3.3738743487528167,3.924250685776655,Business-Dense Market
"Santa Cruz-Watsonville, CA",CA,West,0.44156513566185124,107893,5.9,262406,271.9450012575932,61.77771821117331,2.538295218665172,4,1.7280113879279904,3.9004366325286313,Business-Dense Market
"Daphne-Fairhope-Foley, AL",AL,South,0.4631722629702996,82501,2.7,261608,244.98486284823096,45.18822026602982,2.52404092598052,4,4.498416805107657,2.515886130598056,Business-Dense Market
"Yakima, WA",WA,West,0.40182528139423423,75399,6.1,258523,193.79320215222629,52.20927300742401,2.5538843796836352,1,1.6562909940622528,-0.6598465711946551,High-Unemployment Market
"Prescott Valley-Prescott, AZ",AZ,West,0.4229410578239837,74788,3.5,252013,260.26435144218755,49.673098801085146,2.5253618271731284,4,4.165274571156311,2.3504437358038084,Business-Dense Market
"Tyler, TX",TX,South,0.48618346262295853,76087,3.8,249091,255.16779008474813,52.91238395728414,2.580046156122684,1,0.41220890630149437,-0.9203293509975229,High-Unemployment Market
"Appleton, WI",WI,Midwest,0.5302477212568717,82501,2.5,248992,251.89564323351752,59.78127756732915,2.5898062744663766,0,-2.208487998505375,-1.7530149724405868,Mixed Market 0
"Binghamton, NY",NY,Northeast,0.4010424408144308,65599,3.9,243971,194.44934029044435,55.04027613562683,2.5234541565493,1,0.18475560878759723,-1.4312917305790893,High-Unemployment Market
"Lake Charles, LA",LA,South,0.4615152214346199,65144,4.5,243719,224.15158440663222,57.46927533478963,2.55854434175637,1,1.3953500572236897,-0.4545888941484205,High-Unemployment Market
"Champaign-Urbana, IL",IL,Midwest,0.41905734168880726,64980,4.2,243252,202.21827569763045,55.1226378567414,2.561214531390689,1,0.1269449926203182,-0.6323857582522855,High-Unemployment Market
"Hilton Head Island-Bluffton-Port Royal, SC",SC,South,0.4556283520060266,88348,3.9,237393,291.7103705669502,47.71648645506337,2.5045408834033482,4,5.2577507205340535,3.9328583490673434,Business-Dense Market
"Macon-Bibb County, GA",GA,South,0.40050684761374616,56638,4.2,236551,224.56045419381022,49.32371122579213,2.5289934241728016,1,0.1338985277927304,-1.7708042214727704,High-Unemployment Market
"Bellingham, WA",WA,West,0.4810104231784709,86162,4.5,234954,304.14464107867923,59.11517954567999,2.60328810199081,4,2.2402848390302292,3.62161709653428,Business-Dense Market
"Fort Smith, AR-OK",AR,South,0.4470343522929545,60327,3.5,232848,220.01477358620215,49.589997709214984,2.555876768575838,0,0.06773655508159641,-2.63680546967673,Mixed Market 0
"Topeka, KS",KS,Midwest,0.4664118974787084,74389,3.7,232648,211.77916852928027,56.981453997265426,2.5354059693412636,1,-0.10309341829478308,-1.5456989475075622,High-Unemployment Market
"Barnstable Town, MA",MA,Northeast,0.4675302088143434,87925,4.8,232570,385.1313583007267,61.811246962826296,2.4629121594277157,4,4.198718051005619,3.5409524325834414,Business-Dense Market
"Lafayette-West Lafayette, IN",IN,Midwest,0.413053499435173,67515,3.7,231353,197.8362070083379,51.577672911006246,2.541135653017115,0,-0.1211767845305955,-2.140987998457262,Mixed Market 0
"Rochester, MN",MN,Midwest,0.5502519701434465,90584,2.5,230742,230.30050879337097,73.27920223243598,2.5520779882662072,2,-3.1224293197934405,0.907813127867212,Elite Opportunity Market
"Burlington-South Burlington, VT",VT,Northeast,0.5210451035573382,89615,2.0,229550,302.15639294271404,62.50938570717375,2.5748575300720513,2,-1.2119647673567906,0.7313391100536445,Elite Opportunity Market
"Las Cruces, NM",NM,West,0.3620714152022714,61154,4.9,229366,165.5868786132208,41.2309345560053,2.5174198442539373,1,2.594579276170188,-1.1878146602681665,High-Unemployment Market
"Lake Havasu City-Kingman, AZ",AZ,West,0.3493622848675763,60952,4.4,226479,190.0838488336667,45.03714297558347,2.4966538973238266,4,5.08026397702115,0.8967806425773612,Business-Dense Market
"Panama City-Panama City Beach, FL",FL,South,0.42269724736291486,77625,3.4,226221,254.22043046401527,47.5722901557529,2.505862364871383,4,3.848604158249306,2.103130878107145,Business-Dense Market
"Charlottesville, VA",VA,South,0.5329370428239844,95796,2.5,226140,274.5644291147077,63.23918315541352,2.5744552516436,4,1.1211635739362569,2.5271190557706067,Business-Dense Market
"Monroe, LA",LA,South,0.4367859431688098,56468,4.9,222072,243.11934867970749,46.15806097593619,2.5597358510296453,1,1.6054264915611298,-1.1027465592093846,High-Unemployment Market
"Athens-Clarke County, GA",GA,South,0.42674497126222233,64951,3.3,221801,242.19908837200916,49.7170689982893,2.545151059179796,4,2.2393267221519926,0.6074764324942095,Business-Dense Market
"Gainesville, GA",GA,South,0.49991863763399613,87038,2.8,221745,233.64675640938918,60.54245507685646,2.572025341526622,0,-2.0217988295426825,-2.133586152104306,Mixed Market 0
"Medford, OR",OR,West,0.4478689894015301,74653,4.9,221331,297.69892152477513,54.5063059448888,2.602367468045094,4,1.9178292954762242,1.32937521730716,Business-Dense Market
"Yuma, AZ",AZ,West,0.3032809170559242,66844,12.2,220310,153.2386183105624,43.90149277402217,2.5676035200259864,1,2.8688600352514504,-0.4921443564590132,High-Unemployment Market
"Columbia, MO",MO,Midwest,0.49492246267414336,80142,3.1,217988,243.6831385213865,51.894828714815624,2.537382238964253,1,0.19900113755075474,-1.1065300158908862,High-Unemployment Market
"Johnson City, TN",TN,South,0.3815950682580606,57462,3.5,215679,188.70636455102257,50.98659505845764,2.4871853693574564,1,0.5534952558448615,-2.0673193666536815,High-Unemployment Market
"Jacksonville, NC",NC,South,0.36059561033821264,73004,3.7,212954,144.6321740845441,37.58988487905834,2.459424751358402,4,5.627897508270837,1.0440297489614045,Business-Dense Market
"Punta Gorda, FL",FL,South,0.3517657356350184,72868,4.1,212122,216.90348007278828,47.62547834159817,2.4690884623808182,4,5.407657459890107,2.865784230791608,Business-Dense Market
"Lexington Park, MD",MD,South,0.5055531881094717,122406,2.7,211382,180.47894333481563,62.03226241640488,2.4723211711086397,4,1.6632470568704734,1.9753407146449382,Business-Dense Market
"Chico, CA",CA,West,0.34732683063307085,65221,5.9,208334,224.4952816150988,51.52601412330979,2.535183037951551,4,2.8776417843050193,1.3442075988421573,Business-Dense Market
"St. George, UT",UT,West,0.471917113523329,86983,3.3,207943,345.8159207090405,44.41807494489346,2.491418247962754,4,4.042484244859813,2.4165144999095673,Business-Dense Market
"Elkhart-Goshen, IN",IN,Midwest,0.42558741974743075,69872,4.9,207436,251.21001176266415,56.74444012070573,2.5010466141863232,0,-7.220702790691161,-7.4884592025023125,Mixed Market 0
"Joplin, MO-KS",MO,Midwest,0.44525223453070106,62796,3.6,207131,212.61906716039607,50.01396687524895,2.5421233441803603,0,-0.4902729636248173,-3.5871047681764727,Mixed Market 0
"Springfield, IL",IL,Midwest,0.4730135001327034,80190,4.3,206371,248.6783511249158,53.599967988574384,2.5524801706314237,1,0.2010594530782616,0.18162397849284714,High-Unemployment Market
"St. Cloud, MN",MN,Midwest,0.5168887261459859,75688,3.1,205878,264.6713101934155,57.416614720927704,2.5605491265067855,0,-2.095354815503787,-2.4089154295324593,Mixed Market 0
"Auburn-Opelika, AL",AL,South,0.4399476963559891,68336,3.0,205355,173.9913807796255,47.10773096663815,2.5400118318356064,1,1.6633425901145087,-1.3843402710729038,High-Unemployment Market
"Warner Robins, GA",GA,South,0.35821252166085443,78028,3.2,204110,163.441281661849,42.62305386326274,2.410534789073785,1,2.6168837920880477,-0.8309640405168386,High-Unemployment Market
"Florence, SC",SC,South,0.39127675790520083,56475,4.5,200474,219.62947813681575,53.15640002382512,2.497870148472694,0,-0.8477455744952013,-3.2518120651611806,Mixed Market 0
"Charleston, WV",WV,South,0.44767829003573284,61625,4.0,200122,235.8061582434715,56.64436448142734,2.565073776607284,1,-0.21957020908323954,-0.9557174822817949,High-Unemployment Market
"Houma-Bayou Cane-Thibodaux, LA",LA,South,0.49553732981503607,62338,3.8,199206,215.0035641496742,63.538372772213755,2.611256706790037,1,-0.14757124549795042,-1.4311681746264218,High-Unemployment Market
"Racine-Mount Pleasant, WI",WI,Midwest,0.4346357981946144,77830,3.5,198651,207.09686837720426,56.810587119579274,2.5301123098758618,0,-1.5927524261066508,-2.3709479050393467,Mixed Market 0
"Bowling Green, KY",KY,South,0.40769278056622593,65869,4.7,197734,184.69256678163595,50.391828822783864,2.5415166239774085,0,-0.8796120224289511,-2.9484512419719917,Mixed Market 0
"Dover, DE",DE,South,0.4791687875743719,81117,4.0,192690,257.9791374747003,57.799305805691084,2.5884624112041754,4,2.374309132061324,2.1538779128560734,Business-Dense Market
"Billings, MT",MT,West,0.5462445252046694,77770,2.8,192531,353.0340568531821,57.61572731423776,2.601407590632814,4,1.6368138961969072,1.2326250771132097,Business-Dense Market
"Coeur d'Alene, ID",ID,West,0.47264789738394225,83061,4.4,188323,330.33670873977155,53.41134565052423,2.5423612511147464,4,3.0385765218646132,2.553218912912298,Business-Dense Market
"Midland, TX",TX,South,0.6174697802098946,89627,2.9,188071,331.15153319756905,88.361703167297,2.6537894250969805,2,-3.4091071842441147,1.196814474556408,Elite Opportunity Market
"Saginaw, MI",MI,Midwest,0.3559221986613779,61455,5.9,187714,217.99119937777684,53.42009539690542,2.4742646998008735,1,-0.38180685225066024,-2.2078517039961794,High-Unemployment Market
"Yuba City, CA",CA,West,0.33506211952553755,81094,7.8,186014,169.7721676863032,55.494193478201744,2.5328411554572874,4,3.180046342202267,1.552873609592816,Business-Dense Market
"Jackson, TN",TN,South,0.42653677959255953,62566,3.8,183680,219.78440766550523,49.09614649855357,2.5072211933498108,0,-0.5907439112019726,-3.212055636630096,Mixed Market 0
"Blacksburg-Christiansburg-Radford, VA",VA,South,0.4032117461023769,65518,3.1,183318,195.5072606072508,51.406297839011714,2.5145683470569904,1,1.2737501772204902,-1.2555681052760483,High-Unemployment Market
"Burlington, NC",NC,South,0.4092110941551153,65966,3.6,183040,199.51923076923075,49.88597997602307,2.540010800293508,1,0.6238336465955486,-1.9677145435567112,High-Unemployment Market
"Kingston, NY",NY,Northeast,0.46134703655571035,87847,3.6,182977,276.81074670587014,47.89161342571763,2.5496722418662037,4,4.609533465301516,2.6260448962990117,Business-Dense Market
"Iowa City, IA",IA,Midwest,0.47463271180376154,75225,2.4,182711,228.61239881561593,51.94559843052002,2.5438721736789334,1,0.8102981833679931,-1.3906330504289095,High-Unemployment Market
"Abilene, TX",TX,South,0.461234580166394,63390,3.5,181969,229.32477509905533,48.57666296090421,2.6058307163230707,1,1.3606355911773984,-0.8572410144743039,High-Unemployment Market
"El Centro, CA",CA,West,0.19240782450928418,60749,18.4,181724,147.31130725715923,46.925530985053754,2.553865498798798,1,3.983329283642551,-0.32908534705229153,High-Unemployment Market
"Redding, CA",CA,West,0.38898753645744166,71140,5.3,181121,248.89438552128135,53.8994512828118,2.5442879545238566,4,3.067610127662122,1.6465047899879246,Business-Dense Market
"Greenville, NC",NC,South,0.39676524052992385,57031,4.0,180783,211.13710913083642,50.14438610349581,2.5212311145638315,1,0.8775877517591899,-2.07363130176037,High-Unemployment Market
"Muskegon-Norton Shores, MI",MI,Midwest,0.35012863354721707,60829,5.1,177428,177.3677209910499,50.80195268784008,2.4970539963046665,1,0.8051125419539177,-2.273312898968214,High-Unemployment Market
"Eau Claire, WI",WI,Midwest,0.48985090789332975,74869,2.9,176153,250.52085403030318,54.61598557692308,2.579986408984744,0,-0.5110843087078841,-1.7658351245821677,Mixed Market 0
"Oshkosh-Neenah, WI",WI,Midwest,0.46731728699505143,71146,2.7,173307,218.34086332346646,61.44958038578145,2.563326999183224,0,-5.211960849195187,-3.715261055778944,Mixed Market 0
"Sebastian-Vero Beach-West Vero Corridor, FL",FL,South,0.4372467239369823,79849,4.1,172139,280.0062739995004,50.71143565507089,2.524558063713576,4,4.170645397564242,3.2498799935786558,Business-Dense Market
"Bloomington, IL",IL,Midwest,0.4753872812184707,81240,3.9,172069,202.30256466882471,72.95727151301956,2.5444368477081114,2,-3.3454006050867715,-0.9640961383742807,Elite Opportunity Market
"Idaho Falls, ID",ID,West,0.48603583413051743,85767,3.1,171773,290.61610381142555,58.41020892412755,2.499081973503822,2,0.08467756191665088,1.0289703588375065,Elite Opportunity Market
"La Crosse-Onalaska, WI-MN",WI,Midwest,0.5084747841879639,75117,2.7,170763,247.77030152901975,54.882673698223336,2.600065663914043,0,-2.0251608820481457,-2.4518688190447655,Mixed Market 0
"Homosassa Springs, FL",FL,South,0.33158912662341394,59481,5.0,170174,179.9922432333964,42.97362171876003,2.4894759900218224,4,6.542611908228788,1.6520197565687817,Business-Dense Market
"Waterloo-Cedar Falls, IA",IA,Midwest,0.5109921238655541,72382,3.5,170081,232.59505764900254,56.17030462620133,2.596112308008708,0,-1.326504441544714,-2.573330482352416,Mixed Market 0
"Odessa, TX",TX,South,0.5278319304422926,78058,3.5,170022,234.910776252485,72.00625037743825,2.6368212801103614,2,-0.8855817550278989,0.48070269615964273,Elite Opportunity Market
"Pueblo, CO",CO,West,0.35400280242218995,62128,5.9,169866,191.32728150424452,51.75919976347689,2.4966459556994685,1,1.7884961621552566,-1.0451851589394734,High-Unemployment Market
"Kenosha, WI",WI,Midwest,0.4244747953318085,83529,3.2,168754,201.6544793012314,52.17190494442315,2.539457189320209,0,-1.8512404820956216,-2.4757003186218296,Mixed Market 0
"Terre Haute, IN",IN,Midwest,0.3910005535601338,59209,4.4,166552,213.62697535904704,48.173895899053626,2.5025701320799123,1,1.729715829428329,-2.352082920860313,High-Unemployment Market
"Janesville-Beloit, WI",WI,Midwest,0.44637939758513473,70556,3.2,165461,203.1898755597996,59.63788214512605,2.5598028385008154,0,-2.8922029715622104,-3.0219614452924897,Mixed Market 0
"Amherst Town-Northampton, MA",MA,Northeast,0.41831369807749363,81732,3.8,165399,211.06536315213515,51.52039421330776,2.536682816837375,1,1.9824477422927027,0.641057678772556,High-Unemployment Market
"Kahului-Wailuku, HI",HI,West,0.4534369422259011,101168,4.4,163769,305.3691480072541,52.863047570430396,2.5481167418344435,4,2.753233354306936,4.291257856955673,Business-Dense Market
"Bloomington, IN",IN,Midwest,0.4147623095944215,67243,3.8,162553,211.5617675465848,51.05409558671179,2.5563396621163794,1,0.3384569161665687,-1.1516843979791787,High-Unemployment Market
"Grand Junction, CO",CO,West,0.479900896211029,75231,4.4,161260,299.3302740915292,54.2602710753124,2.588716859979532,4,2.5658591984208963,1.1112729699409047,Business-Dense Market
"Jackson, MI",MI,Midwest,0.4039961822335827,66155,4.8,160233,186.6656681207991,57.8055599462578,2.5355897721368623,1,0.1611683251592561,-2.6415971160934113,High-Unemployment Market
"Logan, UT-ID",UT,West,0.4750507826844347,81144,2.8,160053,281.90661843264417,50.2022580154478,2.5348930945511072,4,1.0740236623110786,0.24101033428509697,Business-Dense Market
"State College, PA",PA,Northeast,0.45723709253000316,77110,2.9,159805,209.25502956728513,48.84704615315578,2.5857607433507384,4,2.5870578928205243,0.7657363524022803,Business-Dense Market
"Decatur, AL",AL,South,0.45605775536796056,69526,2.6,159651,193.67244802725946,56.787455837248125,2.514656590041575,0,-0.2721206668926259,-2.504770227455642,Mixed Market 0
"Chambersburg, PA",PA,Northeast,0.42608175005162285,74019,3.1,159285,195.31029287126847,48.542574893279436,2.535983689311214,0,0.13893247056404714,-2.037702313473506,Mixed Market 0
"Santa Fe, NM",NM,West,0.4757106397515062,88719,3.7,157765,315.40582511964,52.6176073895451,2.5188163430895925,4,4.670511908528208,4.097830529413389,Business-Dense Market
"Bangor, ME",ME,Northeast,0.43321892336846335,66506,3.3,156840,269.191532772252,52.18392072297486,2.5568003818669753,1,1.2698423020134963,-0.2980635627269836,High-Unemployment Market
"Traverse City, MI",MI,Midwest,0.5111624409686835,82805,4.3,156634,330.19650905933577,58.03897671649689,2.5534998124875767,4,2.2348663508591486,1.1339493296905105,Business-Dense Market
"Hattiesburg, MS",MS,South,0.4448744618964069,61871,3.0,156411,215.96946506319887,48.86522536541989,2.5529745995365047,1,1.6150073413258914,-1.613398513652928,High-Unemployment Market
"Florence-Muscle Shoals, AL",AL,South,0.4399055493570493,66882,3.3,156287,212.4936814962217,44.46450525480864,2.5012151914665535,1,2.2546699932681915,-1.437290873607599,High-Unemployment Market
"Monroe, MI",MI,Midwest,0.3945991025428074,75766,5.3,156045,153.48136755423116,53.7804700751151,2.5227093052998835,1,0.3916617933576645,-2.5773061910676702,High-Unemployment Market
"Vineland, NJ",NJ,Northeast,0.33894102419412686,68067,7.0,155678,181.52853967805342,53.449400158842955,2.5046312256183647,0,-0.628058399165106,-2.3821516183098397,Mixed Market 0
"Hanford-Corcoran, CA",CA,West,0.2784084808442803,73954,8.9,154913,117.54985056128278,51.75506234587198,2.5031558697918155,1,2.3036622334618593,-0.604894369186603,High-Unemployment Market
"Dothan, AL",AL,South,0.4510199003130981,60024,3.1,154766,232.22154736828503,48.6586168422247,2.5284698752344146,1,1.851242945785135,-2.104756894583999,High-Unemployment Market
"Wildwood-The Villages, FL",FL,South,0.43452100927755793,78807,5.9,154693,134.5245098356099,50.25979945305378,2.5255216288368527,1,3.355421007699255,-0.8714210184416376,High-Unemployment Market
"Rapid City, SD",SD,Midwest,0.5556613837365526,78056,1.8,153470,343.324428227015,52.336815181518155,2.56429746447075,4,3.133593789392701,0.8975775798522543,Business-Dense Market
"Valdosta, GA",GA,South,0.3943736950810858,59180,3.9,153179,211.71309383139987,42.03907488986784,2.515687115560264,1,2.666999179748105,-1.0066028030627951,High-Unemployment Market
"Jefferson City, MO",MO,Midwest,0.4887792064374241,73164,3.1,152832,235.94535175879398,52.26296442404246,2.5552037360682576,1,0.2624993951227461,-1.1768151923195602,High-Unemployment Market
"Niles, MI",MI,Midwest,0.4356903451509512,68984,5.0,152703,233.19777607512623,53.81149373034815,2.566775033431863,1,0.6595316987660419,-1.2405372085283135,High-Unemployment Market
"Sherman-Denison, TX",TX,South,0.42300347460549315,72260,3.9,150532,192.58363670183084,49.909545517979254,2.548427461236696,1,1.8320419342572656,-1.1017295918985837,High-Unemployment Market
"Wichita Falls, TX",TX,South,0.4651706661554318,66981,3.8,149869,229.53379284575198,45.09050964742841,2.5972532136343105,1,2.7009542248605163,-0.7157509344791799,High-Unemployment Market
"Alexandria, LA",LA,South,0.3980148371367694,55909,4.1,148008,227.69039511377764,49.42868049107604,2.495996553361232,1,2.4384679216455867,-1.5514634720542912,High-Unemployment Market
"Winchester, VA-WV",VA,South,0.45233388023734755,81443,2.7,148005,228.23553258335866,54.49191582078196,2.521216623136296,0,-0.5882367746210558,-1.3638085144219008,Mixed Market 0
"Rocky Mount, NC",NC,South,0.37615229941824857,57802,4.8,147114,191.41618064902048,47.02569525428419,2.5111879776949078,0,-0.22800019486754616,-3.1727794806456244,Mixed Market 0
"Dalton, GA",GA,South,0.41130691864873614,66660,4.0,146386,191.48005956853797,51.26957694307252,2.5180533343515217,0,-4.316150811180063,-5.67603165608749,Mixed Market 0
"Texarkana, TX-AR",TX,South,0.43683510827081723,58000,4.2,146210,216.87983038095888,47.65224735919258,2.553399339780976,1,2.1068153480775282,-1.7531250039432786,High-Unemployment Market
"Albany, GA",GA,South,0.40461289586351246,56851,4.2,146051,213.21319265188188,47.64776590308174,2.5381148200220705,1,1.8152601226420557,-1.5415444817716015,High-Unemployment Market
"Sioux City, IA-NE-SD",IA,Midwest,0.5419324971125734,80163,2.9,145567,247.5835869393475,54.046165269042625,2.581653326539696,0,-2.0588195792610855,-3.42538557098949,Mixed Market 0
"Lebanon, PA",PA,Northeast,0.43557072032187605,72275,3.1,145319,193.43650864649496,52.873794228011235,2.5419759925326786,0,-1.4990888646415668,-3.180811991605792,Mixed Market 0
"Flagstaff, AZ",AZ,West,0.39496945288857077,75164,3.9,145161,272.45610046775647,47.152448317636484,2.4963091102026453,4,3.2074524214651765,2.2915100687101013,Business-Dense Market
"Morgantown, WV",WV,South,0.4464653901328609,67242,3.4,142752,209.45415826047972,57.46746073157128,2.5792360173580753,1,0.7482914012801305,-0.70064003074973,High-Unemployment Market
"Hammond, LA",LA,South,0.3974122682333321,56626,4.9,139823,187.16520171931657,44.05393867865304,2.534379422884322,1,1.8870021084187154,-1.8544360318985216,High-Unemployment Market
"Wausau, WI",WI,Midwest,0.5038087366981168,78721,2.6,139091,247.03251827939982,57.16413258324464,2.573899102096511,0,-2.8935908290276227,-3.4567451227792474,Mixed Market 0
"Harrisonburg, VA",VA,South,0.44651602383265504,76570,2.8,138838,240.78422333943158,49.382252437606226,2.5241375228790943,0,0.2788075096230124,-1.2022144581957903,Mixed Market 0
"Bismarck, ND",ND,Midwest,0.5705013293339585,86769,2.3,138774,299.76796806318185,57.17260204512803,2.5946366736677784,1,0.4628817197939507,0.09439980094759795,High-Unemployment Market
"Jonesboro, AR",AR,South,0.4309424374497071,55486,3.2,138152,225.91059123284498,50.646566482784856,2.5416255917574233,1,0.3414736512552962,-2.4453231233478108,High-Unemployment Market
"Wheeling, WV-OH",WV,South,0.3968677677612531,55531,4.8,135136,235.31849396163867,51.56314059552288,2.528679987798124,1,0.36369483546725406,-1.5412006924798092,High-Unemployment Market
"Springfield, OH",OH,Midwest,0.3829520440521272,64897,4.7,134985,162.68474274919436,46.893838574864,2.5247054039590737,0,-1.677029091968979,-3.2606607659012075,Mixed Market 0
"Manhattan, KS",KS,Midwest,0.443724181266001,70324,3.4,134892,214.17133706965572,43.13470892427423,2.5486273970461157,1,2.384702667093918,-0.062111801317511706,High-Unemployment Market
"Battle Creek, MI",MI,Midwest,0.40008634707552865,65024,5.2,133785,185.52154576372538,60.39606049947239,2.5270110987626406,0,-1.22731512194285,-2.960590525527826,Mixed Market 0
"Mount Vernon-Anacortes, WA",WA,West,0.46877029465007114,91204,5.0,132736,276.4886692381871,60.69047405681513,2.572160424070025,4,2.2531840687576623,1.6760019020469825,Business-Dense Market
"Napa, CA",CA,West,0.539827539421865,122754,3.9,132727,337.9869958636901,67.5383294160188,2.5830638406336663,2,-1.5779741809556622,1.987743112920419,Elite Opportunity Market
"Albany, OR",OR,West,0.434890230836145,80422,4.6,132474,214.8346090553618,53.9894875872665,2.604873317608003,4,2.21908746981398,0.06258445599220885,Business-Dense Market
"Cleveland, TN",TN,South,0.41510316984134643,71568,3.7,132120,174.9924311232213,47.14654841694311,2.490140139096116,0,0.2511861202588848,-3.202053235259766,Mixed Market 0
"Salisbury, MD",MD,South,0.42578401623972406,70389,3.4,131570,216.99475564338374,51.715816197004315,2.551277984380041,1,1.7439527499099132,-0.18939606299810274,High-Unemployment Market
"Johnstown, PA",PA,Northeast,0.40618555897677255,61786,4.3,130108,230.2702370338488,43.9662622416917,2.4916240815046478,1,1.5325773848647624,-1.8730712359980939,High-Unemployment Market
"Ames, IA",IA,Midwest,0.49573586175561346,70873,2.4,129227,213.9645739667407,54.986373978048356,2.5849219396203846,1,1.8097957323518636,-0.5705119015068736,High-Unemployment Market
"Pittsfield, MA",MA,Northeast,0.4530355109508505,77682,4.0,128726,291.2387551854326,57.09456354518391,2.51091300847128,4,1.728075519833839,1.3175428330756087,Business-Dense Market
"Staunton-Stuarts Draft, VA",VA,South,0.461144357618064,73653,2.6,128481,219.4098738334851,49.754648883789855,2.5381466412494116,1,1.2313768931801587,-1.8003935654875736,High-Unemployment Market
"Elizabethtown, KY",KY,South,0.36965053347202675,69080,5.2,127744,193.6685871743487,46.19677411043261,2.467762608099497,1,1.6538328028258076,-1.308217930322868,High-Unemployment Market
"Wenatchee-East Wenatchee, WA",WA,West,0.4154558806708206,79977,4.8,127023,286.24737252308637,54.78927942489084,2.5419685425905536,4,3.2846157085650045,2.9084460289562215,Business-Dense Market
"Bozeman, MT",MT,West,0.5969988746212789,103918,2.3,126984,537.7055377055377,59.490801998244784,2.516047990277906,4,2.711869778764759,4.950662735188306,Business-Dense Market
"Morristown, TN",TN,South,0.383602615732311,62456,3.5,126932,166.23073771783316,45.59935729588193,2.470916430685999,0,-0.7863479571604939,-4.439520476332498,Mixed Market 0
"Missoula, MT",MT,West,0.5149328310776791,75290,2.9,126608,391.76039428788073,50.46031486031486,2.57555356537117,4,2.184393030047308,2.2791155616823437,Business-Dense Market
"Lawton, OK",OK,South,0.3860986507747851,61848,3.6,126503,175.25276080409162,43.51283695177036,2.475217013971831,1,2.823495962398259,-0.967923879495156,High-Unemployment Market
"Sierra Vista-Douglas, AZ",AZ,West,0.3807149647666984,60723,4.2,125773,174.04371367463605,45.261686543697515,2.5163426390106087,1,4.535357866366899,0.4014048559515906,High-Unemployment Market
"Glens Falls, NY",NY,Northeast,0.4193476595073879,71090,3.5,125127,258.0578132617261,53.4050053559256,2.498700611662523,1,2.54475199153682,0.378886284595551,High-Unemployment Market
"Mansfield, OH",OH,Midwest,0.412374535176712,66312,5.0,124853,209.52640304998678,45.708543098821906,2.53351991321753,1,1.436307564029416,-1.9509587606344367,High-Unemployment Market
"Lawrence, KS",KS,Midwest,0.4465512956176489,72449,3.3,121989,227.3975522383166,43.71807316002788,2.5301399847240043,4,3.1263429439328823,0.28158037473994757,Business-Dense Market
"San Angelo, TX",TX,South,0.48285210334418477,69726,3.2,121408,249.3245914602003,51.189372048770174,2.60647652569919,1,1.9299149482649378,0.41121182124919653,High-Unemployment Market
"Twin Falls, ID",ID,West,0.49559970487813676,76404,3.5,121319,301.68399014169256,45.83700933689025,2.57101382452209,1,2.4369240775640404,-0.5111875256281294,High-Unemployment Market
"Farmington, NM",NM,West,0.45626608077774594,66426,4.7,120817,204.85527698916542,52.918647634212924,2.586851928238229,1,3.198928299598034,-0.030713752513047102,High-Unemployment Market
"Goldsboro, NC",NC,South,0.357056444551481,59562,3.7,120338,182.40289850255115,42.72630765113444,2.4580206575459593,1,2.523524215351106,-2.1810711966716436,High-Unemployment Market
"Altoona, PA",PA,Northeast,0.4408131858234474,66994,3.5,120269,264.2409931071182,52.09347306628535,2.5065492114660515,0,-0.4928730812743557,-2.2906252980680595,Mixed Market 0
"St. Joseph, MO-KS",MO,Midwest,0.47545229723801485,66180,3.7,119186,226.03325893980838,54.93160305343511,2.5698361669961876,0,-0.523107815154592,-3.199282705065887,Mixed Market 0
"Sheboygan, WI",WI,Midwest,0.45577673424085074,71992,2.5,118331,225.7227607304933,56.56024891570809,2.547576064160278,0,-2.5557889792269797,-3.3311398317578185,Mixed Market 0
"Anniston-Oxford, AL",AL,South,0.36511779051390264,52719,3.2,116427,191.7081089438017,42.360528675130865,2.47277686385524,1,1.9694143746590334,-2.4286588810834613,High-Unemployment Market
"Brunswick-St. Simons, GA",GA,South,0.4703767856656393,69871,3.1,116080,276.1026878015162,46.50082582365043,2.520721684770832,4,4.523801725233003,0.6528672952719515,Business-Dense Market
"Lewiston-Auburn, ME",ME,Northeast,0.43140690533167303,68775,3.2,115272,249.58359358734126,54.19388209904056,2.530585416906754,1,0.066291581924455,-1.3029709583614928,High-Unemployment Market
"Longview-Kelso, WA",WA,West,0.43419816814027845,78460,5.3,113982,202.57584530890844,58.52568351284176,2.5831671747692786,1,1.4480958601939276,-0.8199404512651242,High-Unemployment Market
"Sandusky, OH",OH,Midwest,0.4412474607793473,74627,5.2,113533,249.09057278500524,50.7614067776872,2.512015944637635,1,1.7135151903590171,-0.683254373865092,High-Unemployment Market
"Williamsport, PA",PA,Northeast,0.4124390201395507,60403,4.0,113236,242.32576212511924,50.538831151889376,2.5481100294333134,1,-0.12613316883123427,-2.169686143571369,High-Unemployment Market
"Watertown-Fort Drum, NY",NY,Northeast,0.43115537023020334,70624,4.4,113140,207.5304931942726,48.717944238697505,2.5130971561430577,1,3.959573146526582,-0.049062393746948874,High-Unemployment Market
"Muncie, IN",IN,Midwest,0.3718333617910314,54232,4.7,112951,204.86759745376312,48.825751907825826,2.5105801766465228,1,0.5594213536492311,-2.122830409350512,High-Unemployment Market
"Owensboro, KY",KY,South,0.42273308011846994,67068,5.0,112812,225.68521079317804,48.823129403869814,2.529099154667809,0,-0.37844515493099135,-2.7365528902165943,Mixed Market 0
"Weirton-Steubenville, WV-OH",WV,South,0.3610693187165981,60159,5.7,112738,183.87766325462576,46.343305668146435,2.505487411031688,1,1.942745716201826,-2.2969282050273536,High-Unemployment Market
"Michigan City-La Porte, IN",IN,Midwest,0.40691509318295593,66849,4.7,111348,206.29018931637748,50.85860379844739,2.5341014277839924,1,0.6656529589330468,-2.2855715555833966,High-Unemployment Market
"Beckley, WV",WV,South,0.3821870098313629,51327,4.0,110979,218.32959388713178,46.41330402930403,2.5292371845617097,1,2.271642149809725,-0.8156360399077692,High-Unemployment Market
"Sebring, FL",FL,South,0.34610241855836016,57580,4.9,109778,194.7566907759296,42.3165333101409,2.5073927562236342,4,5.625068647626326,1.1646715303153012,Business-Dense Market
"Pinehurst-Southern Pines, NC",NC,South,0.5010284267662672,85002,3.4,108417,232.06692677347647,53.13674154828763,2.520129920540621,1,2.935322494953373,0.08891998341828058,High-Unemployment Market
"Gettysburg, PA",PA,Northeast,0.43970444833578004,86279,3.1,107914,182.27477435735864,45.41103965702037,2.5171625799412776,1,1.8397457795767715,-1.3085697134855117,High-Unemployment Market
"Kankakee, IL",IL,Midwest,0.4031504597066913,76743,5.7,106410,213.13786298280237,54.82705131103074,2.530447472798847,1,0.34103327825756624,-1.648139846084803,High-Unemployment Market
"Ithaca, NY",NY,Northeast,0.37563410884079157,71948,3.3,105602,211.1702429878222,51.62867365192947,2.524090709465547,2,-2.520673068632566,0.5677892109136201,Elite Opportunity Market
"Mankato, MN",MN,Midwest,0.4811209201517157,74426,2.6,105193,254.48461399522782,51.5606498998442,2.5426971460084773,0,-1.4090868878519953,-2.45876815464214,Mixed Market 0
"Sumter, SC",SC,South,0.338249142017285,56824,5.2,104776,174.9446438115599,44.07090223776699,2.470750737656926,1,2.6127373602250055,-1.3904481050343074,High-Unemployment Market
"Fond du Lac, WI",WI,Midwest,0.46932321899742063,74782,2.9,104269,213.5821768694435,55.60409805213136,2.5522304191680156,0,-1.7323322000430086,-2.619852447704654,Mixed Market 0
"Grand Forks, ND-MN",ND,Midwest,0.5212790169658763,69959,2.4,104184,253.0138984872917,52.39785554435236,2.5943763300500606,1,1.2664209002538986,-1.2011861229556826,High-Unemployment Market
"Gadsden, AL",AL,South,0.365578684722655,57959,3.3,103207,189.32824323931519,42.011649795773394,2.4433103689455105,1,2.8898026195837763,-2.0670770279104835,High-Unemployment Market
"Bay City, MI",MI,Midwest,0.3577692499976662,64694,5.6,102651,199.12129448324905,47.66715457670967,2.4865702567448014,1,2.17679386009525,-1.405414141240267,High-Unemployment Market
"Cheyenne, WY",WY,West,0.5203175875385251,83258,3.4,101783,356.1498482064785,56.61908988220107,2.5667045640718924,4,2.957784746525242,2.8821850735120735,Business-Dense Market
"Rome, GA",GA,South,0.3997931366443025,66459,3.5,101390,209.88263142321728,52.10750823215947,2.474920147640201,0,-0.6867448721071696,-3.380101703110323,Mixed Market 0
"Lima, OH",OH,Midwest,0.4407547004509507,67668,4.4,100866,221.9776733487994,52.85828568845902,2.551978057682621,0,-1.8363778621904758,-3.3926649991506825,Mixed Market 0
"Cape Girardeau, MO-IL",MO,Midwest,0.4694002873555217,65809,3.5,100842,258.72156442752026,47.0922375524895,2.5457548027595718,1,0.9878281653872779,-2.057116581908088,High-Unemployment Market
"Decatur, IL",IL,Midwest,0.44164810938548954,61411,5.8,100737,222.4604663629054,68.42356096069253,2.57921443013013,0,-2.935538621456237,-3.194014413549225,Mixed Market 0
"Hot Springs, AR",AR,South,0.4404055492305034,60453,3.6,99902,295.58967788432665,42.57237084217976,2.505423572684107,4,4.189435282025778,0.6783354676568956,Business-Dense Market
"Paducah, KY-IL",KY,South,0.43381990323837805,64271,5.1,99814,265.3936321558098,53.30065028901734,2.507223070224004,1,0.39611841851908003,-1.624513685826416,High-Unemployment Market
"Dubuque, IA",IA,Midwest,0.5555408998364277,80512,3.3,99242,282.5416658269684,55.4356158063772,2.598351713371267,0,-3.7995128191297773,-3.2859215608934482,Mixed Market 0
"Corvallis, OR",OR,West,0.4259783463990825,79179,3.6,98899,222.44916531006382,58.18836960399572,2.576947613604955,4,2.3064458274266193,2.4376352463682114,Business-Dense Market
"Victoria, TX",TX,South,0.46831589665108686,65829,4.1,98446,241.65532373077627,52.12938105891126,2.5983103737480513,1,2.9425143237145552,0.07471019064961,High-Unemployment Market
"Helena, MT",MT,West,0.5411058669586065,94395,2.7,96327,327.2187444849315,51.72872305359615,2.5498354516258086,4,3.7858082891667326,2.423611932175427,Business-Dense Market
"Fairbanks-College, AK",AK,West,0.49651981046549754,92121,4.0,94951,271.29782730039705,65.41997001038102,2.6000012087410758,4,4.0304671324178,3.2233082308435073,Business-Dense Market
"Pocatello, ID",ID,West,0.4075270139174738,69612,4.0,91010,258.54301725085156,44.40188976377953,2.4515400029822243,1,3.1311591417215974,-0.31467327125545064,High-Unemployment Market
"Hinesville, GA",GA,South,0.33085266175877265,66943,4.0,89657,115.66302686906766,53.1381029459372,2.4519424450813743,1,3.1472629358031203,-1.047912364568317,High-Unemployment Market
"Grants Pass, OR",OR,West,0.33240042996620317,59711,5.8,88276,239.02306402646244,46.34217214503558,2.5017310212151167,4,4.46131510476389,0.9284655502923257,Business-Dense Market
"Parkersburg-Vienna, WV",WV,South,0.38623787290795103,54861,4.3,87120,224.17355371900825,45.48159164518474,2.5080865375089543,1,1.9792068687234996,-1.7638456698819407,High-Unemployment Market
"Columbus, IN",IN,Midwest,0.4824739998280606,80438,4.1,84741,230.1129323467979,65.24493789348307,2.557366139013199,0,-5.774863816472088,-4.159210450149757,Mixed Market 0
"Great Falls, MT",MT,West,0.42219599634293437,62076,3.0,84523,292.46477290205036,48.63227953410982,2.5472058762899237,4,3.006306715427738,1.18149531449097,Business-Dense Market
"Kokomo, IN",IN,Midwest,0.33511974575855796,65267,6.9,84082,215.62284436621394,53.052734993978575,2.425116948469392,1,1.0673361953448308,-2.4930944347345365,High-Unemployment Market
"Midland, MI",MI,Midwest,0.4241228547141868,78046,4.5,84022,213.63452429125707,73.6623620190762,2.4517238405587185,0,-2.8157066708123004,-1.6275179507001876,Mixed Market 0
"Elmira, NY",NY,Northeast,0.38370309495713745,66527,3.8,81115,203.04505948344942,51.86378618515334,2.498400229768613,1,0.014133213023444278,-2.1531351083061705,High-Unemployment Market
"Casper, WY",WY,West,0.5698581884402105,71381,3.3,80410,381.91767193135183,59.15771153724448,2.674242952140709,4,2.575179980499069,2.193797229239486,Business-Dense Market
"Grand Island, NE",NE,Midwest,0.4958900810272713,68960,3.0,77278,295.2974973472398,49.883418473728106,2.541747054775716,0,-0.41813332582130985,-2.539068942514668,Mixed Market 0
"Minot, ND",ND,Midwest,0.5598440653696164,70782,2.5,75815,302.4467453670118,55.956677311377014,2.6288614965511004,4,3.3679108360920047,1.0877395218726993,Business-Dense Market
"Lewiston, ID-WA",ID,West,0.4938441906323378,77382,3.6,65370,252.86828820559887,50.80923840917848,2.5776397912894446,1,1.5891685304802612,-1.3251459483743975,High-Unemployment Market
"Walla Walla, WA",WA,West,0.4294205037653632,72892,4.2,62068,240.22040342849778,53.07102751263335,2.5734936286018453,1,1.4689870257712736,-0.47034429798821203,High-Unemployment Market
"Enid, OK",OK,South,0.49574986852725705,67004,3.3,62007,247.06887932007677,45.809793968348764,2.5750990161734935,1,2.2137095347275184,-1.3420494643223058,High-Unemployment Market
"Eagle Pass, TX",TX,South,0.28796192671515775,52647,7.9,58829,150.09604106818065,32.59448416751788,2.4595662531337963,1,4.359024310268292,-0.9797605224687226,High-Unemployment Market
"Carson City, NV",NV,West,0.44030472309878954,62948,4.7,58148,337.41487239457933,57.74857618505214,2.579880102666838,4,2.1618486732864737,2.4095573029008093,Business-Dense Market
