rank,metro_title,primary_state,region,opportunity_score,median_income,real_median_income,cost_of_living_index,housing_cost_index,unemployment_rate,population,establishments_per_10k,annual_payroll_per_employee,industry_entropy,unemployment_trend_slope,state_business_climate_norm,lat,lon,high_opportunity,cluster_name
1,"San Jose-Sunnyvale-Santa Clara, CA",CA,West,0.7228693742998267,164801,149245.17537107304,110.423,211.901,4.2,1995484,252.17942113291812,180.1413514796912,2.5559449797998663,-0.7800000000000004,0.0,36.908472,-121.371372,1,Major Metro Engine
2,"Midland, TX",TX,South,0.6174697802098946,89627,93572.97223933265,95.783,101.497,2.9,188071,331.15153319756905,88.361703167297,2.6537894250969805,-1.6099999999999999,0.7916666666666666,32.092359,-101.994539,1,Elite Opportunity Market
3,"Bozeman, MT",MT,West,0.5969988746212789,103918,101373.52453419178,102.51,139.188,2.3,126984,537.7055377055377,59.490801998244784,2.516047990277906,-0.6200000000000001,0.9166666666666666,45.518054,-111.163921,1,Business-Dense Market
4,"San Francisco-Oakland-Fremont, CA",CA,West,0.577280763262014,135590,117279.19870602786,115.613,194.718,4.2,4648486,286.6438664115585,129.83934435994925,2.550544475111097,-1.0200000000000002,0.0,37.773718,-122.274432,1,Major Metro Engine
5,"Sioux Falls, SD-MN",SD,Midwest,0.5709494288976584,82509,91038.38642407123,90.631,77.605,1.7,308711,297.0415696233694,58.57170785941374,2.6010140371322676,-0.5,0.9791666666666666,43.525658,-96.875416,1,Elite Opportunity Market
6,"Bismarck, ND",ND,Midwest,0.5705013293339585,86769,95325.40868342415,91.024,84.013,2.3,138774,299.76796806318185,57.17260204512803,2.5946366736677784,-0.4500000000000003,0.5,46.887031,-100.979592,1,High-Unemployment Market
7,"Casper, WY",WY,West,0.5698581884402105,71381,76075.62693836661,93.829,74.189,3.3,80410,381.91767193135183,59.15771153724448,2.674242952140709,-1.1100000000000005,1.0,42.977645,-106.768219,1,Business-Dense Market
8,"Bridgeport-Stamford-Danbury, CT",CT,Northeast,0.5698358800371669,116402,108925.36307830513,106.864,150.453,3.1,972679,276.51465694232115,99.26592255421856,2.568971814464969,-1.19,0.0625,41.252442,-73.393266,1,Elite Opportunity Market
9,"Minot, ND",ND,Midwest,0.5598440653696164,70782,81332.44473043158,87.028,63.234,2.5,75815,302.4467453670118,55.956677311377014,2.6288614965511004,-0.6800000000000002,0.5,48.320242,-101.19801,1,Business-Dense Market
10,"Rapid City, SD",SD,Midwest,0.5556613837365526,78056,87545.98474652311,89.16,72.552,1.8,153470,343.324428227015,52.336815181518155,2.56429746447075,-0.6600000000000003,0.9791666666666666,44.195108,-102.916612,1,Business-Dense Market
11,"Dubuque, IA",IA,Midwest,0.5555408998364277,80512,92194.94320263833,87.328,64.046,3.3,99242,282.5416658269684,55.4356158063772,2.598351713371267,-0.6600000000000003,0.3541666666666667,42.463481,-90.878771,1,Mixed Market 0
12,"Rochester, MN",MN,Midwest,0.5502519701434465,90584,99739.04713667544,90.821,78.628,2.5,230742,230.30050879337097,73.27920223243598,2.5520779882662072,-0.68,0.2916666666666667,43.94981,-92.33066,1,Elite Opportunity Market
13,"Boston-Cambridge-Newton, MA-NH",MA,Northeast,0.546399359690854,117825,108829.17998263535,108.266,148.424,3.7,5025517,266.25519324678436,94.16167854468651,2.5636748719406754,-1.1600000000000001,0.22916666666666666,42.517606,-71.021993,1,Major Metro Engine
14,"Billings, MT",MT,West,0.5462445252046694,77770,83153.34773218143,93.526,77.364,2.8,192531,353.0340568531821,57.61572731423776,2.601407590632814,-0.5900000000000005,0.9166666666666666,45.63714,-108.832361,1,Business-Dense Market
15,"Fayetteville-Springdale-Rogers, AR",AR,South,0.5447101567839068,81208,88894.72704782548,91.353,76.886,2.7,605547,236.3317793664241,67.28642829050865,2.613600354320637,-0.43000000000000016,0.5833333333333334,36.116394,-94.079545,1,Mixed Market 0
16,"Des Moines-West Des Moines, IA",IA,Midwest,0.5438334659837256,85446,93178.91844145648,91.701,84.741,3.0,753913,251.30220595745132,65.6230887961026,2.5914859690038288,-0.5700000000000004,0.3541666666666667,41.57705,-93.759712,1,Elite Opportunity Market
17,"Salt Lake City-Murray, UT",UT,West,0.542054426191682,100548,99682.75369790221,100.868,123.311,3.2,1300762,283.82594202475167,70.06115935763601,2.5825863613477873,-0.43999999999999995,0.8541666666666666,40.572887,-112.953253,1,Elite Opportunity Market
18,"Sioux City, IA-NE-SD",IA,Midwest,0.5419324971125734,80163,92723.29793878827,86.454,57.849,2.9,145567,247.5835869393475,54.046165269042625,2.581653326539696,-0.5600000000000002,0.3541666666666667,42.508037,-96.311314,1,Mixed Market 0
19,"Helena, MT",MT,West,0.5411058669586065,94395,98662.13744447348,95.675,90.141,2.7,96327,327.2187444849315,51.72872305359615,2.5498354516258086,-0.54,0.9166666666666666,46.715671,-112.1352,1,Business-Dense Market
20,"Napa, CA",CA,West,0.539827539421865,122754,109062.31675462445,112.554,197.44,3.9,132727,337.9869958636901,67.5383294160188,2.5830638406336663,-1.2700000000000005,0.0,38.5071,-122.325904,1,Elite Opportunity Market
21,"Madison, WI",WI,Midwest,0.5383859400847394,89714,92215.81506264968,97.287,99.748,2.4,707606,251.42522816369564,68.72670511401805,2.5996180522835286,-0.6100000000000002,0.7083333333333334,43.083846,-89.597745,1,Elite Opportunity Market
22,"Austin-Round Rock-San Marcos, TX",TX,South,0.5337636515578335,99897,101867.1099055738,98.066,120.361,3.5,2550637,259.85665541588236,78.46639456278479,2.5453971393049013,-0.6300000000000003,0.7916666666666666,30.249744,-97.649842,1,Elite Opportunity Market
23,"Charlottesville, VA",VA,South,0.5329370428239844,95796,96621.14457466766,99.146,107.041,2.5,226140,274.5644291147077,63.23918315541352,2.5744552516436,-0.7600000000000001,0.4583333333333333,37.949084,-78.593206,1,Business-Dense Market
24,"Nashville-Davidson--Murfreesboro--Franklin, TN",TN,South,0.5324640408851559,88800,92175.46554838175,96.338,104.626,2.8,2151715,236.60196633847886,67.17443064948864,2.605084872904629,-0.9800000000000002,0.75,36.091577,-86.72298,1,Elite Opportunity Market
25,"Fargo, ND-MN",ND,Midwest,0.5315457617920456,76945,84674.97881612396,90.871,81.142,2.3,267793,272.37455796081304,60.68639239776423,2.586875576792727,-0.4400000000000004,0.5,46.914859,-96.960183,1,Elite Opportunity Market
26,"Raleigh-Cary, NC",NC,South,0.5306211177794002,102144,104061.86008129833,98.157,103.476,3.1,1562009,251.29176592452413,68.96880703339697,2.5435479646833383,-0.7200000000000002,0.8125,35.756746,-78.460441,1,Elite Opportunity Market
27,"Appleton, WI",WI,Midwest,0.5302477212568717,82501,89268.44047219728,92.419,70.785,2.5,248992,251.89564323351752,59.78127756732915,2.5898062744663766,-0.6500000000000001,0.7083333333333334,44.290603,-88.372326,1,Mixed Market 0
28,"Omaha, NE-IA",NE,Midwest,0.5282816787751696,84524,91962.87713113773,91.911,86.404,3.0,1001186,252.6004159067346,61.429728982543594,2.576661959150653,-0.3900000000000003,0.6458333333333334,41.290459,-95.99997,1,Elite Opportunity Market
29,"Odessa, TX",TX,South,0.5278319304422926,78058,83132.40180625372,93.896,89.709,3.5,170022,234.910776252485,72.00625037743825,2.6368212801103614,-2.08,0.7916666666666666,31.865301,-102.542507,1,Elite Opportunity Market
30,"Denver-Aurora-Centennial, CO",CO,West,0.5249336115766559,108046,102140.25070427862,105.782,146.919,4.2,3050512,300.0217668378292,76.83028356151745,2.565060878863883,-0.7700000000000004,0.7708333333333334,39.434789,-104.901073,1,Elite Opportunity Market
31,"Grand Forks, ND-MN",ND,Midwest,0.5212790169658763,69959,80725.33837970068,86.663,59.664,2.4,104184,253.0138984872917,52.39785554435236,2.5943763300500606,-0.57,0.5,47.835929,-96.842681,1,High-Unemployment Market
32,"Greeley, CO",CO,West,0.5210559755483877,101563,101384.56316882288,100.176,112.599,4.5,369745,201.5983988965368,65.13531847761783,2.6245681041626505,-0.6300000000000002,0.7708333333333334,40.555961,-104.383666,1,Business-Dense Market
33,"Burlington-South Burlington, VT",VT,Northeast,0.5210451035573382,89615,88772.54851459648,100.949,103.842,2.0,229550,302.15639294271404,62.50938570717375,2.5748575300720513,-0.7400000000000005,0.10416666666666667,44.689115,-73.041175,1,Elite Opportunity Market
34,"Portland-South Portland, ME",ME,Northeast,0.5210400040306454,93062,91364.44854601503,101.858,105.164,2.7,571534,335.36062596450955,63.04098724603065,2.5591300710583527,-0.6200000000000003,0.3125,43.651417,-70.418375,1,Elite Opportunity Market
35,"Cheyenne, WY",WY,West,0.5203175875385251,83258,86285.76758454157,96.491,89.828,3.4,101783,356.1498482064785,56.61908988220107,2.5667045640718924,-0.47000000000000025,1.0,41.29283,-104.660395,1,Business-Dense Market
36,"Green Bay, WI",WI,Midwest,0.5187089100908481,79876,85808.821949595,93.086,74.696,2.7,334697,238.06607170067255,60.367076692970244,2.602696021936183,-0.7500000000000001,0.7083333333333334,44.474024,-87.99613,1,Mixed Market 0
37,"Seattle-Tacoma-Bellevue, WA",WA,West,0.5179830091449329,112388,101129.27753232613,111.133,151.314,4.2,4145494,267.0007482823519,96.52518174596057,2.5731787482229294,-1.0200000000000007,0.3333333333333333,47.490552,-121.833977,1,Major Metro Engine
38,"Cedar Rapids, IA",IA,Midwest,0.5179270691676855,75295,84636.30947697358,88.963,71.447,3.3,278677,243.75890367701675,59.76474767347449,2.5937747703072467,-0.6200000000000004,0.3541666666666667,42.086289,-91.631095,1,Mixed Market 0
39,"Kansas City, MO-KS",MO,Midwest,0.5176945153192579,83785,90536.29123758685,92.543,86.642,3.6,2254288,244.44081679004634,65.32004609903623,2.579393391801871,-0.6100000000000001,0.6666666666666666,38.931857,-94.443841,1,Elite Opportunity Market
40,"Boulder, CO",CO,West,0.5172906358416307,102697,97618.86656147221,105.202,157.02,4.2,330262,393.3240881481975,82.81369385850056,2.4957124993069613,-0.5000000000000002,0.7708333333333334,40.094971,-105.39771,1,Elite Opportunity Market
41,"St. Cloud, MN",MN,Midwest,0.5168887261459859,75688,86370.27569837502,87.632,65.057,3.1,205878,264.6713101934155,57.416614720927704,2.5605491265067855,-0.7100000000000001,0.2916666666666667,45.593031,-94.488363,1,Mixed Market 0
42,"Manchester-Nashua, NH",NH,Northeast,0.5152525320891265,106013,100336.93934145395,105.657,134.22,2.8,430462,256.18986112595303,71.91879294475244,2.562537119864348,-0.9600000000000003,0.8958333333333334,42.911532,-71.723055,1,Elite Opportunity Market
43,"Missoula, MT",MT,West,0.5149328310776791,75290,78065.21851832651,96.445,94.945,2.9,126608,391.76039428788073,50.46031486031486,2.57555356537117,-0.6900000000000002,0.9166666666666666,47.069545,-114.262668,1,Business-Dense Market
44,"Charlotte-Concord-Gastonia, NC-SC",NC,South,0.5132481731007748,85938,88279.16341373218,97.348,97.635,3.6,2883370,247.66505859463058,68.62137778839666,2.6027955479150076,-0.8600000000000008,0.8125,35.166342,-80.797285,1,Elite Opportunity Market
45,"Minneapolis-St. Paul-Bloomington, MN-WI",MN,Midwest,0.5123083763846605,97928,93423.13636450363,104.822,111.838,2.9,3757952,264.6201973841071,72.87730687497812,2.5828544391872668,-0.8000000000000003,0.2916666666666667,45.096664,-93.275361,1,Elite Opportunity Market
46,"Traverse City, MI",MI,Midwest,0.5111624409686835,82805,88682.9027974125,93.372,78.146,4.3,156634,330.19650905933577,58.03897671649689,2.5534998124875767,-1.0700000000000003,0.3958333333333333,44.952324,-85.90832,1,Business-Dense Market
47,"Waterloo-Cedar Falls, IA",IA,Midwest,0.5109921238655541,72382,83143.22800004594,87.057,63.13,3.5,170081,232.59505764900254,56.17030462620133,2.596112308008708,-0.4800000000000004,0.3541666666666667,42.536796,-92.471608,1,Mixed Market 0
48,"La Crosse-Onalaska, WI-MN",WI,Midwest,0.5084747841879639,75117,81854.4388627968,91.769,69.386,2.7,170763,247.77030152901975,54.882673698223336,2.600065663914043,-0.6500000000000002,0.7083333333333334,43.698264,-91.11014,1,Mixed Market 0
49,"Anchorage, AK",AK,West,0.5083599785079761,102698,97417.94725858471,105.42,109.905,4.2,407213,285.37890489743694,72.83169591845372,2.573687120316633,-1.0200000000000002,0.9583333333333334,62.212784,-149.678222,1,Elite Opportunity Market
50,"Atlanta-Sandy Springs-Roswell, GA",GA,South,0.505817728021998,92344,92290.47152651462,100.058,111.022,3.4,6409047,254.4886938728956,71.56824275314548,2.568822446566754,-0.7500000000000001,0.5625,33.732402,-84.392848,1,Major Metro Engine
51,"Portland-Vancouver-Hillsboro, OR-WA",OR,West,0.5056168086799381,98994,93903.49171417458,105.421,125.114,4.0,2537070,287.5088192284801,72.65592271334525,2.5811843853970364,-0.8600000000000003,0.6875,45.600622,-122.484378,1,Elite Opportunity Market
52,"Lexington Park, MD",MD,South,0.5055531881094717,122406,121482.73124255656,100.76,103.809,2.7,211382,180.47894333481563,62.03226241640488,2.4723211711086397,-0.63,0.125,38.312696,-76.527935,1,Business-Dense Market
53,"Provo-Orem-Lehi, UT",UT,West,0.5055013959447268,101014,102832.07101555502,98.232,104.081,3.3,760154,234.89977030970041,55.6873894673904,2.5439500205235057,-0.09000000000000007,0.8541666666666666,39.872067,-112.359059,1,Elite Opportunity Market
54,"Wausau, WI",WI,Midwest,0.5038087366981168,78721,84965.08402499704,92.651,71.464,2.6,139091,247.03251827939982,57.16413258324464,2.573899102096511,-0.5300000000000002,0.7083333333333334,44.898036,-89.757823,1,Mixed Market 0
55,"Tulsa, OK",OK,South,0.5025406611426211,69658,78079.67359383056,89.214,68.235,3.3,1060423,241.08303950404698,58.25125604405166,2.6049851491725833,-0.7300000000000003,0.625,36.254442,-96.177298,1,Mixed Market 0
56,"Bend, OR",OR,West,0.5021186941596179,95979,92637.5630990184,103.607,109.958,4.2,264407,365.4593108351897,56.99767444473155,2.552368189079862,-0.8900000000000006,0.6875,44.153837,-120.887072,1,Business-Dense Market
57,"Pinehurst-Southern Pines, NC",NC,South,0.5010284267662672,85002,96225.77431624706,88.336,59.318,3.4,108417,232.06692677347647,53.13674154828763,2.520129920540621,-0.8300000000000003,0.8125,35.308273,-79.492723,1,High-Unemployment Market
58,"Washington-Arlington-Alexandria, DC-VA-MD-WV",DC,South,0.5000727191479241,126244,115943.5729767459,108.884,151.134,3.0,6437907,246.97778330752527,84.84786410689628,2.4567468739572513,-0.8800000000000004,0.3958333333333333,38.829787,-77.495684,1,Major Metro Engine
59,"Gainesville, GA",GA,South,0.49991863763399613,87038,89946.882169357,96.766,93.488,2.8,221745,233.64675640938918,60.54245507685646,2.572025341526622,-0.4400000000000002,0.5625,34.317569,-83.8185,1,Mixed Market 0
60,"Oklahoma City, OK",OK,South,0.4993629450309519,72930,80667.64003185558,90.408,73.885,3.1,1497821,252.6002773362104,55.61199736632561,2.5852100994464906,-0.6800000000000002,0.625,35.430968,-97.506966,1,Elite Opportunity Market
61,"Fort Collins-Loveland, CO",CO,West,0.4975038093211253,93276,92235.58262795665,101.128,120.592,4.1,374574,314.06344273761664,62.83983313861393,2.5521282756350177,-0.5900000000000003,0.7708333333333334,40.658093,-105.486764,1,Business-Dense Market
62,"Oxnard-Thousand Oaks-Ventura, CA",CA,West,0.4969513797216143,114238,103351.00512059637,110.534,171.096,4.6,835427,275.21255597437,66.40377863111397,2.5798628895239326,-1.0200000000000002,0.0,34.358748,-119.133145,1,Business-Dense Market
63,"Fairbanks-College, AK",AK,West,0.49651981046549754,92121,89257.6156887063,103.208,92.562,4.0,94951,271.29782730039705,65.41997001038102,2.6000012087410758,-0.6700000000000003,0.9583333333333334,64.670454,-146.496061,1,Business-Dense Market
64,"Trenton-Princeton, NJ",NJ,Northeast,0.49621591821550415,104148,100938.16631130064,103.18,135.082,4.4,392138,246.92837725494599,86.38403492929604,2.523039126262402,-0.9200000000000002,0.041666666666666664,40.282503,-74.703724,1,Elite Opportunity Market
65,"Grand Island, NE",NE,Midwest,0.4958900810272713,68960,79578.10678883415,86.657,61.748,3.0,77278,295.2974973472398,49.883418473728106,2.541747054775716,-0.5200000000000002,0.6458333333333334,41.083926,-98.374218,1,Mixed Market 0
66,"Enid, OK",OK,South,0.49574986852725705,67004,79512.03882803877,84.269,51.389,3.3,62007,247.06887932007677,45.809793968348764,2.5750990161734935,-0.4700000000000002,0.625,36.378132,-97.788741,1,High-Unemployment Market
67,"Ames, IA",IA,Midwest,0.49573586175561346,70873,79784.98255094,88.83,69.163,2.4,129227,213.9645739667407,54.986373978048356,2.5849219396203846,-0.37000000000000016,0.3541666666666667,42.036128,-93.698008,1,High-Unemployment Market
68,"Twin Falls, ID",ID,West,0.49559970487813676,76404,82950.44947235854,92.108,73.833,3.5,121319,301.68399014169256,45.83700933689025,2.57101382452209,-0.3000000000000001,0.6041666666666666,42.440397,-114.568729,1,High-Unemployment Market
69,"Houma-Bayou Cane-Thibodaux, LA",LA,South,0.49553732981503607,62338,73250.06168995218,85.103,51.311,3.8,199206,215.0035641496742,63.538372772213755,2.611256706790037,-0.9300000000000002,0.20833333333333334,29.33413,-90.843674,1,High-Unemployment Market
70,"Santa Rosa-Petaluma, CA",CA,West,0.49499529490114946,107274,99526.8314406591,107.784,139.569,4.1,485375,300.2214782384754,69.24330343299486,2.545815358499061,-1.0000000000000004,0.0,38.525182,-122.92611,1,Business-Dense Market
71,"Columbia, MO",MO,Midwest,0.49492246267414336,80142,89606.20765222836,89.438,69.248,3.1,217988,243.6831385213865,51.894828714815624,2.537382238964253,-0.2800000000000003,0.6666666666666666,38.986523,-92.585236,1,High-Unemployment Market
72,"Reno, NV",NV,West,0.4940456711896644,89159,88264.00300948384,101.014,123.478,4.8,575266,264.78185743638596,62.68712187061628,2.615424135187958,-0.6500000000000001,0.875,40.251057,-119.555507,1,Elite Opportunity Market
73,"Lewiston, ID-WA",ID,West,0.4938441906323378,77382,84885.91487494516,91.16,71.925,3.6,65370,252.86828820559887,50.80923840917848,2.5776397912894446,-0.3800000000000002,0.6041666666666666,46.251696,-116.925017,1,High-Unemployment Market
74,"Richmond, VA",VA,South,0.4924621918934539,83460,85286.8442028245,97.858,99.136,3.0,1368219,245.49432510438754,67.60008895251464,2.5715348403348197,-0.8800000000000002,0.4583333333333333,37.412237,-77.44372,1,Elite Opportunity Market
75,"Birmingham, AL",AL,South,0.4920525528669007,74954,81788.22399720657,91.644,71.851,2.9,1192583,228.07636868880405,63.506168910190404,2.5694920596580935,-0.7000000000000004,0.5416666666666666,33.462372,-86.814338,1,Elite Opportunity Market
76,"Boise City, ID",ID,West,0.49194271526189376,88695,90145.44013171936,98.391,105.58,3.5,844979,283.2378082768921,61.498517224443106,2.5459303984669934,-0.46000000000000024,0.6041666666666666,43.006648,-116.141909,1,Elite Opportunity Market
77,"Lincoln, NE",NE,Midwest,0.4910594790878912,74935,81823.74073224796,91.581,84.208,2.5,351919,269.49383238756644,54.93968335914644,2.5463962225684345,-0.3800000000000002,0.6458333333333334,40.817429,-96.868801,1,Elite Opportunity Market
78,"Durham-Chapel Hill, NC",NC,South,0.4907960290661043,83542,85620.87484114296,97.572,98.934,3.2,620522,229.1135527829795,83.54472092553891,2.5496255304769577,-0.71,0.8125,35.995536,-79.09699,1,Elite Opportunity Market
79,"Eau Claire, WI",WI,Midwest,0.48985090789332975,74869,80681.27936548989,92.796,72.85,2.9,176153,250.52085403030318,54.61598557692308,2.579986408984744,-0.6900000000000002,0.7083333333333334,44.938672,-91.284322,1,Mixed Market 0
80,"Jefferson City, MO",MO,Midwest,0.4887792064374241,73164,83164.53537936915,87.975,62.123,3.1,152832,235.94535175879398,52.26296442404246,2.5552037360682576,-0.30000000000000016,0.6666666666666666,38.636885,-92.088876,1,High-Unemployment Market
81,"Milwaukee-Waukesha, WI",WI,Midwest,0.4874248568899984,77919,80381.07224279687,96.937,97.111,3.2,1574452,250.7920216049775,67.341530596988,2.583598518365077,-0.9600000000000003,0.7083333333333334,42.912643,-87.862312,1,Elite Opportunity Market
82,"Hartford-West Hartford-East Hartford, CT",CT,Northeast,0.4862587502488865,94419,91895.54824518716,102.746,110.234,3.2,1169048,240.63169348050724,71.37359818847098,2.5547757408788407,-1.27,0.0625,41.688038,-72.545112,1,Elite Opportunity Market
83,"Tyler, TX",TX,South,0.48618346262295853,76087,82563.2622943704,92.156,79.911,3.8,249091,255.16779008474813,52.91238395728414,2.580046156122684,-0.7500000000000006,0.7916666666666666,32.375105,-95.268939,1,High-Unemployment Market
84,"Idaho Falls, ID",ID,West,0.48603583413051743,85767,90843.32500105919,94.412,83.985,3.1,171773,290.61610381142555,58.41020892412755,2.499081973503822,-0.20000000000000023,0.6041666666666666,43.620423,-112.420919,1,Elite Opportunity Market
85,"Indianapolis-Carmel-Greenwood, IN",IN,Midwest,0.4852189650490545,80239,83847.80973081425,95.696,88.917,3.8,2173288,235.01717213733292,64.15621590150319,2.5844418269554734,-0.6700000000000005,0.8333333333333334,39.790533,-86.12426,1,Elite Opportunity Market
86,"Wichita, KS",KS,Midwest,0.48384833581969555,71810,80734.3781620309,88.946,66.245,3.9,661217,232.40479298021677,57.09696242916008,2.5756288425917466,-0.9700000000000005,0.4166666666666667,37.637896,-97.246287,1,Mixed Market 0
87,"Lafayette, LA",LA,South,0.4837174978272566,60527,69404.53393571764,87.209,58.845,3.8,419704,282.91367249299503,55.10732387534861,2.5916532674174113,-0.8500000000000001,0.20833333333333334,30.012961,-92.136552,1,High-Unemployment Market
88,"Cincinnati, OH-KY-IN",OH,Midwest,0.483705386126251,81489,85445.10852469329,95.37,87.608,4.2,2304804,209.36704379201007,64.00674688415035,2.5980951960176784,-0.6600000000000001,0.375,39.078595,-84.463535,1,Elite Opportunity Market
89,"San Angelo, TX",TX,South,0.48285210334418477,69726,75417.77984489416,92.453,81.442,3.2,121408,249.3245914602003,51.189372048770174,2.60647652569919,-0.7200000000000003,0.7916666666666666,31.36531,-100.659418,1,High-Unemployment Market
90,"Ogden, UT",UT,West,0.48269731486404266,98456,98113.58359325952,100.349,117.903,3.0,669210,230.22668519597735,51.2479437240175,2.5426687098244933,-0.2900000000000005,0.8541666666666666,41.124342,-111.866933,1,Business-Dense Market
91,"Columbus, IN",IN,Midwest,0.4824739998280606,80438,86489.68312850123,93.003,75.468,4.1,84741,230.1129323467979,65.24493789348307,2.557366139013199,-0.6900000000000005,0.8333333333333334,39.205843,-85.897999,1,Mixed Market 0
92,"Pittsburgh, PA",PA,Northeast,0.482360236957149,77214,81560.35111068859,94.671,71.986,3.6,2429917,253.62183152757893,63.79871539230518,2.5683340058794193,-1.3000000000000005,0.25,40.471332,-79.863986,1,Elite Opportunity Market
93,"Grand Rapids-Wyoming-Kentwood, MI",MI,Midwest,0.4816831472055968,81541,85342.13886504929,95.546,86.596,4.0,1178826,234.0548986873381,57.57142592493104,2.5869811658082904,-0.8900000000000006,0.3958333333333333,42.979841,-85.715614,1,Mixed Market 0
94,"Philadelphia-Camden-Wilmington, PA-NJ-DE-MD",PA,Northeast,0.4815981766710117,90850,88587.47586637284,102.554,113.141,3.8,6330422,242.93957022138494,72.12345265323322,2.5727621595727608,-1.2500000000000007,0.25,39.894958,-75.311982,1,Major Metro Engine
95,"Mankato, MN",MN,Midwest,0.4811209201517157,74426,81827.27722500138,90.955,79.884,2.6,105193,254.48461399522782,51.5606498998442,2.5426971460084773,-0.6600000000000001,0.2916666666666667,44.15479,-94.147798,1,Mixed Market 0
96,"Bellingham, WA",WA,West,0.4810104231784709,86162,83382.04269649873,103.334,112.946,4.5,234954,304.14464107867923,59.11517954567999,2.60328810199081,-1.0400000000000005,0.3333333333333333,48.842653,-121.836432,1,Business-Dense Market
97,"Huntsville, AL",AL,South,0.4803536709936765,87049,93528.66597902699,93.072,77.946,2.6,542297,201.43943263562218,65.78034526615215,2.5009585383244195,-0.49000000000000027,0.5416666666666666,34.783262,-86.734871,1,Elite Opportunity Market
98,"Dallas-Fort Worth-Arlington, TX",TX,South,0.4802906134693367,92733,89953.43874284605,103.09,117.874,3.9,8344032,227.39486138116442,72.41955697045886,2.578573866863936,-0.7700000000000005,0.7916666666666666,32.849171,-96.970489,1,Major Metro Engine
99,"Grand Junction, CO",CO,West,0.479900896211029,75231,78795.71829569736,95.476,86.367,4.4,161260,299.3302740915292,54.2602710753124,2.588716859979532,-0.7000000000000004,0.7708333333333334,39.019524,-108.460571,1,Business-Dense Market
100,"Springfield, MO",MO,Midwest,0.47931072683132175,67219,75880.79245921997,88.585,65.568,3.3,500004,247.6780185758514,52.06150241185929,2.575915988577639,-0.4700000000000002,0.6666666666666666,37.36087,-93.180262,1,Mixed Market 0
101,"Chicago-Naperville-Elgin, IL-IN",IL,Midwest,0.4792405481148879,90770,87620.05888315073,103.595,112.01,5.1,9406924,264.18731564111715,77.43704892076964,2.5845345107940774,-1.1200000000000003,0.1875,41.75878,-87.841887,1,Major Metro Engine
102,"Dover, DE",DE,South,0.4791687875743719,81117,83190.95039330509,97.507,95.899,4.0,192690,257.9791374747003,57.799305805691084,2.5884624112041754,-0.9700000000000003,0.14583333333333334,39.097088,-75.502982,1,Business-Dense Market
103,"Longview, TX",TX,South,0.47875069133285436,65711,73432.41884114656,89.485,66.749,4.7,295490,231.88601983146637,52.966547627026145,2.6340408101863746,-0.85,0.7916666666666666,32.431646,-94.684833,1,High-Unemployment Market
104,"Roanoke, VA",VA,South,0.4779615587798205,72557,77503.25792048538,93.618,78.531,2.9,315456,265.266788395212,54.31768849629262,2.5693942435841763,-0.7900000000000003,0.4583333333333333,37.286226,-79.946935,1,Mixed Market 0
105,"Davenport-Moline-Rock Island, IA-IL",IA,Midwest,0.47786741706600416,71446,80205.21110474972,89.079,68.346,4.6,381415,231.03443755489428,57.940443721966346,2.5830766627510204,-0.7100000000000003,0.3541666666666667,41.39168,-90.460076,1,Mixed Market 0
106,"Cleveland, OH",OH,Midwest,0.477317592765675,72532,77224.96087220382,93.923,79.434,3.8,2171877,236.89186818590554,65.46261631235764,2.589654617877162,-1.3900000000000001,0.375,41.667548,-81.43052,1,Elite Opportunity Market
107,"Charleston-North Charleston, SC",SC,South,0.4764965492763622,90307,89446.52443493591,100.962,119.77,3.5,869940,263.1445846840012,58.75652487472489,2.5543935087279834,-0.5600000000000003,0.4791666666666667,33.01754,-80.009947,1,Business-Dense Market
108,"Naples-Marco Island, FL",FL,South,0.4758760325494918,95862,92889.53488372093,103.2,129.441,3.4,416233,349.3476009831032,58.45383688704273,2.488291637642526,-0.9600000000000002,0.9375,26.118786,-81.400955,1,Business-Dense Market
109,"Santa Fe, NM",NM,West,0.4757106397515062,88719,89826.56150333614,98.767,107.978,3.7,157765,315.40582511964,52.6176073895451,2.5188163430895925,-1.12,0.5,35.514531,-105.963972,1,Business-Dense Market
110,"Slidell-Mandeville-Covington, LA",LA,South,0.4755150999824978,82337,88796.02269050751,92.726,85.449,3.9,277615,255.78589053185166,53.997143088471724,2.530172896914994,-0.6400000000000003,0.20833333333333334,30.410022,-89.951962,1,Business-Dense Market
111,"St. Joseph, MO-KS",MO,Midwest,0.47545229723801485,66180,76613.18330207681,86.382,55.359,3.7,119186,226.03325893980838,54.93160305343511,2.5698361669961876,-0.3600000000000001,0.6666666666666666,39.834843,-94.783754,1,Mixed Market 0
112,"Bloomington, IL",IL,Midwest,0.4753872812184707,81240,86853.33076750376,93.537,74.715,3.9,172069,202.30256466882471,72.95727151301956,2.5444368477081114,-0.5800000000000003,0.1875,40.494559,-88.844539,1,Elite Opportunity Market
113,"Columbus, OH",OH,Midwest,0.4752513273679142,82938,86874.27332432519,95.469,87.945,4.0,2225377,208.58937609223065,61.19484825351449,2.576460562545926,-0.7700000000000005,0.375,39.968562,-82.835911,1,Elite Opportunity Market
114,"Logan, UT-ID",UT,West,0.4750507826844347,81144,84589.32313113096,95.927,90.959,2.8,160053,281.90661843264417,50.2022580154478,2.5348930945511072,-0.030000000000000256,0.8541666666666666,41.88902,-111.787438,1,Business-Dense Market
115,"Iowa City, IA",IA,Midwest,0.47463271180376154,75225,82205.02901353965,91.509,83.99,2.4,182711,228.61239881561593,51.94559843052002,2.5438721736789334,-0.5400000000000001,0.3541666666666667,41.517806,-91.64793,1,High-Unemployment Market
116,"Springfield, IL",IL,Midwest,0.4730135001327034,80190,86462.88209606986,92.745,71.616,4.3,206371,248.6783511249158,53.599967988574384,2.5524801706314237,-0.9200000000000004,0.1875,39.828621,-89.696067,1,High-Unemployment Market
117,"Coeur d'Alene, ID",ID,West,0.47264789738394225,83061,84503.47430641043,98.293,105.597,4.4,188323,330.33670873977155,53.41134565052423,2.5423612511147464,-0.6000000000000003,0.6041666666666666,47.675957,-116.695919,0,Business-Dense Market
118,"Savannah, GA",GA,South,0.4724590186692553,80518,84572.400899103,95.206,86.012,3.1,431589,252.34656119595263,53.621342602199626,2.546022694302673,-0.8400000000000001,0.5625,32.109256,-81.273287,0,Mixed Market 0
119,"St. George, UT",UT,West,0.471917113523329,86983,89377.42111157921,97.321,98.148,3.3,207943,345.8159207090405,44.41807494489346,2.491418247962754,-0.4500000000000005,0.8541666666666666,37.262531,-113.4878,0,Business-Dense Market
120,"Baltimore-Columbia-Towson, MD",MD,South,0.4717864001602676,98666,94428.97202522802,104.487,118.194,3.1,2859024,240.7359994179832,70.18721500092576,2.524188141985126,-0.9400000000000004,0.125,39.304361,-76.549501,0,Elite Opportunity Market
121,"Amarillo, TX",TX,South,0.4716526098937526,69595,75795.03376170769,91.82,78.38,3.1,278330,238.2064455861747,55.57325938022783,2.5760733474586166,-0.49000000000000027,0.7916666666666666,35.247999,-101.90867,0,High-Unemployment Market
122,"Lancaster, PA",PA,Northeast,0.47134221024850653,85802,87324.0583368106,98.257,93.815,2.9,563293,244.56188875061468,55.46168683008593,2.544814170941921,-1.0500000000000003,0.25,40.041992,-76.250198,0,Mixed Market 0
123,"Duluth, MN-WI",MN,Midwest,0.47128131482350466,69309,78078.81218457101,88.768,71.147,3.5,281815,250.73186310168018,55.3623347914021,2.546243698564802,-0.92,0.2916666666666667,47.329703,-92.37627,0,High-Unemployment Market
124,"Brunswick-St. Simons, GA",GA,South,0.4703767856656393,69871,79663.20062023989,87.708,56.34,3.1,116080,276.1026878015162,46.50082582365043,2.520721684770832,-0.7600000000000002,0.5625,31.301739,-81.588909,0,Business-Dense Market
125,"Houston-Pasadena-The Woodlands, TX",TX,South,0.47016424444745786,81417,82548.74327023492,98.629,104.51,4.4,7796182,207.8645675537077,75.20620800288354,2.590691278402269,-1.0200000000000002,0.7916666666666666,29.801005,-95.34262,0,Major Metro Engine
126,"Cape Girardeau, MO-IL",MO,Midwest,0.4694002873555217,65809,76452.75215502219,86.078,56.422,3.5,100842,258.72156442752026,47.0922375524895,2.5457548027595718,-0.45000000000000034,0.6666666666666666,37.325936,-89.762639,0,High-Unemployment Market
127,"Fond du Lac, WI",WI,Midwest,0.46932321899742063,74782,81601.4316423513,91.643,67.317,2.9,104269,213.5821768694435,55.60409805213136,2.5522304191680156,-0.7000000000000004,0.7083333333333334,43.754722,-88.493284,0,Mixed Market 0
128,"New York-Newark-Jersey City, NY-NJ",NY,Northeast,0.46919388071743867,99852,88707.65704538791,112.563,148.616,4.5,19940274,282.24386485361237,89.82669493862078,2.5631046841507623,-1.4900000000000002,0.020833333333333332,40.735425,-73.80773,0,Major Metro Engine
129,"San Diego-Chula Vista-Carlsbad, CA",CA,West,0.4691159529379322,109132,97537.69428083692,111.887,179.267,4.3,3298799,283.15456625274834,76.3227306335106,2.533693359664666,-1.2500000000000002,0.0,33.023604,-116.776117,0,Elite Opportunity Market
130,"Mount Vernon-Anacortes, WA",WA,West,0.46877029465007114,91204,89029.02101656531,102.443,108.165,5.0,132736,276.4886692381871,60.69047405681513,2.572160424070025,-1.1200000000000003,0.3333333333333333,48.493292,-121.81577,0,Business-Dense Market
131,"Victoria, TX",TX,South,0.46831589665108686,65829,73274.41311679783,89.839,69.318,4.1,98446,241.65532373077627,52.12938105891126,2.5983103737480513,-1.0400000000000003,0.7916666666666666,28.731455,-97.196993,0,High-Unemployment Market
132,"Little Rock-North Little Rock-Conway, AR",AR,South,0.4678925296027777,68344,76478.22389329036,89.364,68.295,3.2,770959,248.65135500071986,56.51731794382873,2.5440172511964834,-0.78,0.5833333333333334,34.755773,-92.400589,0,High-Unemployment Market
133,"Barnstable Town, MA",MA,Northeast,0.4675302088143434,87925,89399.19268741549,98.351,90.012,4.8,232570,385.1313583007267,61.811246962826296,2.4629121594277157,-1.390000000000001,0.22916666666666666,41.706123,-70.164823,0,Business-Dense Market
134,"Albany-Schenectady-Troy, NY",NY,Northeast,0.4673395153917185,86637,87014.6435530201,99.566,102.582,3.3,913485,234.54134441178564,65.40911049128718,2.543235104831752,-0.8500000000000005,0.020833333333333332,42.78792,-73.942348,0,Elite Opportunity Market
135,"Oshkosh-Neenah, WI",WI,Midwest,0.46731728699505143,71146,76559.5239376298,92.929,74.442,2.7,173307,218.34086332346646,61.44958038578145,2.563326999183224,-0.6500000000000002,0.7083333333333334,44.085707,-88.668149,0,Mixed Market 0
136,"Shreveport-Bossier City, LA",LA,South,0.46693128774192505,57514,67850.3173442182,84.766,52.286,4.4,383269,239.85764567444795,52.14676489844666,2.6018619965639904,-0.9700000000000002,0.20833333333333334,32.437682,-93.744884,0,High-Unemployment Market
137,"Akron, OH",OH,Midwest,0.46686802488490103,71364,76431.40194923422,93.37,76.785,4.4,702209,232.97907033376103,57.415884108855664,2.6025621013902547,-0.86,0.375,41.146639,-81.35011,0,Mixed Market 0
138,"Topeka, KS",KS,Midwest,0.4664118974787084,74389,83752.53321324027,88.82,64.987,3.7,232648,211.77916852928027,56.981453997265426,2.5354059693412636,-0.45000000000000007,0.4166666666666667,39.041389,-95.802639,0,High-Unemployment Market
139,"Peoria, IL",IL,Midwest,0.46602767080130075,74352,81498.61340991549,91.231,63.763,4.9,365668,221.0748547863089,63.10032567566719,2.570127247360006,-0.8400000000000004,0.1875,40.788069,-89.514639,0,Mixed Market 0
140,"Lexington-Fayette, KY",KY,South,0.4657400011257216,71444,76913.30512762546,92.889,77.093,4.2,533366,252.92200852697772,55.11555090887885,2.5813624679858,-0.3400000000000003,0.2708333333333333,38.102876,-84.438545,0,Mixed Market 0
141,"Chattanooga, TN-GA",TN,South,0.46560956088145783,75076,82082.5680048981,91.464,76.55,3.2,588763,214.36469343352078,54.488964332393486,2.550045175172094,-0.7500000000000001,0.75,35.049361,-85.361158,0,Mixed Market 0
142,"Wichita Falls, TX",TX,South,0.4651706661554318,66981,74828.23723928367,89.513,68.208,3.8,149869,229.53379284575198,45.09050964742841,2.5972532136343105,-0.6600000000000006,0.7916666666666666,33.776144,-98.501907,0,High-Unemployment Market
143,"Santa Maria-Santa Barbara, CA",CA,West,0.4647896212146242,95637,87903.27028070368,108.798,151.394,4.5,444500,280.85489313835774,69.0692197432382,2.57769711877225,-0.9200000000000004,0.0,34.536677,-120.038364,0,Business-Dense Market
144,"Los Angeles-Long Beach-Anaheim, CA",CA,West,0.46476790785062283,96405,84888.96324604195,113.566,170.433,5.4,12927614,318.6581839463957,75.11991188313435,2.6050711168178005,-1.5500000000000003,0.0,34.108703,-118.182753,0,Major Metro Engine
145,"Jackson, MS",MS,South,0.4647219054300591,64835,72809.04680621687,89.048,64.768,2.8,605803,237.02424715625378,51.488758099633074,2.5638072504053038,-1.1900000000000004,0.5208333333333334,32.426311,-90.136422,0,High-Unemployment Market
146,"Ann Arbor, MI",MI,Midwest,0.46446681604990514,90523,89733.34655035686,100.88,125.3,3.8,373875,222.5877632898696,70.7775749411424,2.5404737828421466,-0.6500000000000001,0.3958333333333333,42.252217,-83.843423,0,Elite Opportunity Market
147,"Fort Wayne, IN",IN,Midwest,0.46421419866787716,71251,76968.19772717453,92.572,72.277,3.9,462978,238.73704582075175,55.76795217749794,2.577768904360455,-0.7600000000000006,0.8333333333333334,41.006999,-85.216424,0,Mixed Market 0
148,"Daphne-Fairhope-Foley, AL",AL,South,0.4631722629702996,82501,87127.46858168762,94.69,89.15,2.7,261608,244.98486284823096,45.18822026602982,2.52404092598052,-0.6500000000000001,0.5416666666666666,30.659218,-87.746067,0,Business-Dense Market
149,"Louisville/Jefferson County, KY-IN",KY,South,0.46293856312468923,74305,79834.32537550766,93.074,78.558,4.5,1396762,226.43800447033925,60.38657306782833,2.576419871157768,-0.4600000000000002,0.2708333333333333,38.224363,-85.701989,0,Mixed Market 0
150,"Lake Charles, LA",LA,South,0.4615152214346199,65144,75879.42039789405,85.852,51.752,4.5,243719,224.15158440663222,57.46927533478963,2.55854434175637,-1.3200000000000005,0.20833333333333334,30.038451,-93.190093,0,High-Unemployment Market
151,"Kingston, NY",NY,Northeast,0.46134703655571035,87847,87228.5495834533,100.709,110.173,3.6,182977,276.81074670587014,47.89161342571763,2.5496722418662037,-1.0000000000000002,0.020833333333333332,41.947212,-74.265458,0,Business-Dense Market
152,"Abilene, TX",TX,South,0.461234580166394,63390,70149.61710415652,90.364,73.791,3.5,181969,229.32477509905533,48.57666296090421,2.6058307163230707,-0.5000000000000003,0.7916666666666666,32.452022,-99.718743,0,High-Unemployment Market
153,"Staunton-Stuarts Draft, VA",VA,South,0.461144357618064,73653,80823.67658677904,91.128,68.232,2.6,128481,219.4098738334851,49.754648883789855,2.5381466412494116,-0.6299999999999999,0.4583333333333333,38.160958,-79.127632,0,High-Unemployment Market
154,"Lubbock, TX",TX,South,0.4604413938849626,64469,70599.12174074927,91.317,76.357,3.5,367530,240.63341768018938,48.490679688847884,2.600135445563796,-0.6600000000000004,0.7916666666666666,33.469794,-101.880412,0,High-Unemployment Market
155,"Harrisburg-Carlisle, PA",PA,Northeast,0.4603345244061793,80904,82011.15053218449,98.65,96.28,3.3,615361,231.9614015187833,60.880441299509855,2.5611479956346046,-1.0300000000000005,0.25,40.335915,-77.05049,0,Mixed Market 0
156,"San Luis Obispo-Paso Robles, CA",CA,West,0.4599019660579614,100724,92751.11422151829,108.596,144.362,4.1,281843,317.9784489946531,57.731168962722855,2.529417390144451,-0.9900000000000002,0.0,35.388189,-120.448897,0,Business-Dense Market
157,"Worcester, MA",MA,Northeast,0.4596187169677003,96602,94224.71055275403,102.523,113.001,4.1,881248,217.65723156251136,63.32972075613538,2.542162030281414,-1.1800000000000002,0.22916666666666666,42.311693,-71.940282,0,Elite Opportunity Market
158,"Spokane-Spokane Valley, WA",WA,West,0.45858637013008197,84350,84059.15532258386,100.346,97.059,4.6,604962,254.04901464885398,57.72342392716098,2.5780765409320923,-0.8700000000000003,0.3333333333333333,48.091618,-117.663472,0,Elite Opportunity Market
159,"Evansville, IN",IN,Midwest,0.45854045059675413,67459,73703.1290971069,91.528,66.735,3.9,271793,254.23759993818825,56.637564885662904,2.565591911029467,-0.6300000000000002,0.8333333333333334,38.049142,-87.584519,0,Mixed Market 0
160,"Greenville-Anderson-Greer, SC",SC,South,0.4583556887973918,75881,81365.00107227107,93.26,76.836,3.8,996680,229.68254605289562,53.560789758872936,2.555793179139305,-0.41000000000000036,0.4791666666666667,34.683709,-82.413423,0,Mixed Market 0
161,"Rochester, NY",NY,Northeast,0.4580568416980028,76453,78789.09671767919,97.035,87.481,3.6,1057218,226.2163527295222,56.48120586538197,2.583349579156788,-1.0000000000000004,0.020833333333333332,43.184718,-77.556558,0,Elite Opportunity Market
162,"State College, PA",PA,Northeast,0.45723709253000316,77110,79690.37432049772,96.762,85.688,2.9,159805,209.25502956728513,48.84704615315578,2.5857607433507384,-0.7200000000000003,0.25,40.909322,-77.847667,0,Business-Dense Market
163,"Knoxville, TN",TN,South,0.4567566690468422,74184,80139.13945273256,92.569,82.783,3.2,957376,205.2694030349622,58.97218038083168,2.5473760983991967,-0.6700000000000003,0.75,36.044462,-84.136114,0,Elite Opportunity Market
164,"Phoenix-Mesa-Chandler, AZ",AZ,West,0.4565634291585879,90133,87240.1176971621,103.316,121.236,3.2,5186958,220.9117559849145,64.86872982207856,2.551859688090533,-0.9599999999999999,0.7291666666666666,33.185765,-112.067862,0,Elite Opportunity Market
165,"Baton Rouge, LA",LA,South,0.4563199277995828,69293,76330.68957920247,90.78,74.183,4.1,882652,221.9334460240276,61.32093605875989,2.5605344940751626,-0.9600000000000003,0.20833333333333334,30.515242,-91.126926,0,Elite Opportunity Market
166,"Farmington, NM",NM,West,0.45626608077774594,66426,75736.25822340293,87.707,56.552,4.7,120817,204.85527698916542,52.918647634212924,2.586851928238229,-1.4200000000000002,0.5,36.511624,-108.324578,0,High-Unemployment Market
167,"Decatur, AL",AL,South,0.45605775536796056,69526,79720.68064027886,87.212,58.067,2.6,159651,193.67244802725946,56.787455837248125,2.514656590041575,-0.5599999999999999,0.5416666666666666,34.489361,-87.097147,0,Mixed Market 0
168,"Sheboygan, WI",WI,Midwest,0.45577673424085074,71992,76575.82913183143,94.014,80.54,2.5,118331,225.7227607304933,56.56024891570809,2.547576064160278,-0.7400000000000001,0.7083333333333334,43.738713,-87.731531,0,Mixed Market 0
169,"Hilton Head Island-Bluffton-Port Royal, SC",SC,South,0.4556283520060266,88348,90135.38467816808,98.017,101.235,3.9,237393,291.7103705669502,47.71648645506337,2.5045408834033482,-0.3000000000000003,0.4791666666666667,32.386792,-80.830877,0,Business-Dense Market
170,"Syracuse, NY",NY,Northeast,0.45554794796273906,76313,79706.920682668,95.742,80.656,3.6,655189,222.63804795257553,57.95955248916517,2.565590584976756,-1.0300000000000005,0.020833333333333332,43.006516,-76.196134,0,Mixed Market 0
171,"Jacksonville, FL",FL,South,0.4543128105090466,82053,82478.58952193317,99.484,109.777,3.5,1760548,250.78555086257234,60.79219469460806,2.544137027227991,-0.7100000000000004,0.9375,30.234184,-81.756033,0,Elite Opportunity Market
172,"Asheville, NC",NC,South,0.45413423462356,76275,79036.53658839865,96.506,93.371,4.0,422333,316.1012755337612,50.91045885413287,2.530341662322742,-0.9200000000000005,0.8125,35.61634,-82.570683,0,Business-Dense Market
173,"Orlando-Kissimmee-Sanford, FL",FL,South,0.45377843441401067,81044,79910.86394920033,101.418,123.374,3.3,2940513,265.09319972399373,55.92079344441534,2.5632798881478847,-1.6300000000000008,0.9375,28.434398,-81.35606,0,Elite Opportunity Market
174,"Kahului-Wailuku, HI",HI,West,0.4534369422259011,101168,92481.23737350653,109.393,119.179,4.4,163769,305.3691480072541,52.863047570430396,2.5481167418344435,-3.1000000000000005,0.4375,20.855931,-156.60155,0,Business-Dense Market
175,"Canton-Massillon, OH",OH,Midwest,0.45338239671507125,69597,77843.76887457217,89.406,58.143,4.5,400551,215.82769734690464,50.59597122897515,2.5729243101136197,-0.9000000000000006,0.375,40.711051,-81.261468,0,Mixed Market 0
176,"York-Hanover, PA",PA,Northeast,0.4531965498184806,81453,84846.875,96.0,79.762,3.4,471240,187.5901875901876,54.539642001793396,2.561572793953798,-1.09,0.25,39.921751,-76.728889,0,Mixed Market 0
177,"Pittsfield, MA",MA,Northeast,0.4530355109508505,77682,81679.3893129771,95.106,73.452,4.0,128726,291.2387551854326,57.09456354518391,2.51091300847128,-1.3600000000000003,0.22916666666666666,42.371493,-73.217928,0,Business-Dense Market
178,"Winchester, VA-WV",VA,South,0.45233388023734755,81443,84440.64282011405,96.45,90.009,2.7,148005,228.23553258335866,54.49191582078196,2.521216623136296,-0.6000000000000002,0.4583333333333333,39.272974,-78.471828,0,Mixed Market 0
179,"Wilmington, NC",NC,South,0.4510232596406488,78890,81817.42755802617,96.422,93.215,3.5,480522,276.8239539500793,54.49366845510305,2.5175976979821137,-0.9200000000000002,0.8125,34.253691,-78.041674,0,Business-Dense Market
180,"Dothan, AL",AL,South,0.4510199003130981,60024,71599.48946119071,83.833,46.872,3.1,154766,232.22154736828503,48.6586168422247,2.5284698752344146,-0.5400000000000004,0.5416666666666666,31.245528,-85.46919,0,High-Unemployment Market
181,"Sacramento-Roseville-Folsom, CA",CA,West,0.45062410160713307,98775,92598.66879160026,106.67,130.23,4.7,2463127,227.2477221028392,69.18108783529232,2.5540944887018173,-1.0100000000000002,0.0,38.790272,-121.005643,0,Elite Opportunity Market
182,"Colorado Springs, CO",CO,West,0.4498503016755848,90760,90122.83158072429,100.707,116.207,4.3,777635,253.02359075916078,59.37583525230002,2.5223951005420786,-0.6800000000000002,0.7708333333333334,38.845507,-104.638728,0,Business-Dense Market
183,"San Antonio-New Braunfels, TX",TX,South,0.44957567787808994,78112,82469.69888931121,94.716,94.575,3.8,2763006,188.51931555704186,57.03759556487191,2.5631172099822317,-0.8500000000000005,0.7916666666666666,29.43306,-98.606973,0,Elite Opportunity Market
184,"Lynchburg, VA",VA,South,0.44920862359909264,65735,73559.52687353827,89.363,63.912,3.2,267427,230.23105370811473,53.41241019336766,2.5421458351441824,-0.6300000000000002,0.4583333333333333,37.364926,-79.216689,0,High-Unemployment Market
185,"New Haven, CT",CT,Northeast,0.44863847228621684,89645,85736.28286422021,104.559,124.293,3.2,576718,238.9209284260245,65.04836636010239,2.539438190500638,-1.2500000000000002,0.0625,41.290167,-72.837024,0,Elite Opportunity Market
186,"Greensboro-High Point, NC",NC,South,0.4481536262781329,66072,71148.44128573737,92.865,74.519,4.0,800722,232.15298193380474,54.825767252603164,2.5879133711265436,-0.9700000000000005,0.8125,36.025204,-79.792633,0,Mixed Market 0
187,"Medford, OR",OR,West,0.4478689894015301,74653,73598.33584730807,101.433,97.658,4.9,221331,297.69892152477513,54.5063059448888,2.602367468045094,-0.7100000000000003,0.6875,42.411621,-122.675611,0,Business-Dense Market
188,"Allentown-Bethlehem-Easton, PA-NJ",PA,Northeast,0.44772577703801025,83974,84000.88028169014,99.968,105.52,3.9,886418,210.97270136662388,59.79259359031097,2.5645919006538747,-1.2500000000000002,0.25,40.789339,-75.398158,0,Mixed Market 0
189,"Charleston, WV",WV,South,0.44767829003573284,61625,69462.44800883709,88.717,51.394,4.0,200122,235.8061582434715,56.64436448142734,2.565073776607284,-1.2000000000000004,0.16666666666666666,38.283213,-81.492557,0,High-Unemployment Market
190,"Fort Smith, AR-OK",AR,South,0.4470343522929545,60327,70239.14865871833,85.888,53.443,3.5,232848,220.01477358620215,49.589997709214984,2.555876768575838,-0.5200000000000005,0.5833333333333334,35.429088,-94.448349,0,Mixed Market 0
191,"Montgomery, AL",AL,South,0.446800222650954,66706,74380.58919292611,89.682,64.347,3.1,386587,206.16316637652068,51.12573770859669,2.553642044524212,-1.0300000000000005,0.5416666666666666,32.365631,-86.404585,0,High-Unemployment Market
192,"Lawrence, KS",KS,Midwest,0.4465512956176489,72449,80282.12714559579,90.243,71.636,3.3,121989,227.3975522383166,43.71807316002788,2.5301399847240043,-0.5300000000000007,0.4166666666666667,38.896417,-95.290947,0,Business-Dense Market
193,"Harrisonburg, VA",VA,South,0.44651602383265504,76570,80691.73376048561,94.892,82.272,2.8,138838,240.78422333943158,49.382252437606226,2.5241375228790943,-0.5600000000000003,0.4583333333333333,38.507612,-78.885329,0,Mixed Market 0
194,"Morgantown, WV",WV,South,0.4464653901328609,67242,72052.9772939147,93.323,69.126,3.4,142752,209.45415826047972,57.46746073157128,2.5792360173580753,-0.7400000000000001,0.16666666666666666,39.525155,-79.801912,0,High-Unemployment Market
195,"Janesville-Beloit, WI",WI,Midwest,0.44637939758513473,70556,75297.48247121224,93.703,79.552,3.2,165461,203.1898755597996,59.63788214512605,2.5598028385008154,-0.9800000000000005,0.7083333333333334,42.66988,-89.075284,0,Mixed Market 0
196,"Reading, PA",PA,Northeast,0.44586048279782214,78074,80438.90377086338,97.06,85.419,3.7,439117,194.04851098909856,57.52512386229649,2.573657065078914,-1.3299999999999996,0.25,40.413957,-75.92686,0,Mixed Market 0
197,"Spartanburg, SC",SC,South,0.44569466715615225,68505,75238.05339864471,91.051,68.007,4.3,395934,197.43189521485905,55.88585827498653,2.5793457727936056,-0.5600000000000003,0.4791666666666667,34.83462,-81.842401,0,Mixed Market 0
198,"Bremerton-Silverdale-Port Orchard, WA",WA,West,0.44544159147944157,109052,103262.0943687445,105.607,129.641,4.5,281420,222.86973207305806,52.84170782674772,2.5121143777838366,-0.7400000000000003,0.3333333333333333,47.639687,-122.649636,0,Business-Dense Market
199,"Joplin, MO-KS",MO,Midwest,0.44525223453070106,62796,73258.82545089713,85.718,53.976,3.6,207131,212.61906716039607,50.01396687524895,2.5421233441803603,-0.4500000000000001,0.6666666666666666,37.092135,-94.500651,0,Mixed Market 0
200,"Mobile, AL",AL,South,0.44506488659202253,60379,68536.17562260211,88.098,60.116,3.8,412339,217.29693286349337,54.34784867879095,2.573692433492065,-1.1800000000000004,0.5416666666666666,30.684572,-88.196568,0,Mixed Market 0
201,"Memphis, TN-MS-AR",TN,South,0.4450497702139293,68124,73904.03454148992,92.179,79.807,4.1,1337653,195.3496160813006,60.573921157650865,2.579566521831158,-1.1600000000000001,0.75,35.010307,-89.820503,0,Mixed Market 0
202,"Crestview-Fort Walton Beach-Destin, FL",FL,South,0.444946738014789,81933,84440.02432212385,97.031,94.934,3.1,310149,301.75818719389713,49.92122929380994,2.4786808105558404,-0.6000000000000002,0.9375,30.594941,-86.358164,0,Business-Dense Market
203,"Hattiesburg, MS",MS,South,0.4448744618964069,61871,70602.39863978182,87.633,60.059,3.0,156411,215.96946506319887,48.86522536541989,2.5529745995365047,-1.0400000000000003,0.5208333333333334,31.188441,-89.232741,0,High-Unemployment Market
204,"Urban Honolulu, HI",HI,West,0.44429576083309497,105205,94812.5918115374,110.961,135.538,2.7,998747,209.1620800863482,61.23196871695533,2.5379702799313413,-1.7499999999999998,0.4375,21.461365,-158.201974,0,Elite Opportunity Market
205,"Manhattan, KS",KS,Midwest,0.443724181266001,70324,77997.38248929704,90.162,71.971,3.4,134892,214.17133706965572,43.13470892427423,2.5486273970461157,-0.30000000000000027,0.4166666666666667,39.268424,-96.562242,0,High-Unemployment Market
206,"Kennewick-Richland, WA",WA,West,0.4436915628585767,89573,89502.29318838118,100.079,94.824,5.0,319428,216.88768674004783,64.1240579479898,2.5414630000117255,-0.7500000000000007,0.3333333333333333,46.364155,-119.254927,0,Business-Dense Market
207,"New Orleans-Metairie, LA",LA,South,0.4433403862081948,62373,67359.63368143677,92.597,86.009,4.4,966230,260.1140515198245,61.92246368924524,2.5733516008567143,-1.54,0.20833333333333334,29.282447,-89.576068,0,Elite Opportunity Market
208,"Decatur, IL",IL,Midwest,0.44164810938548954,61411,69452.17253624664,88.422,56.186,5.8,100737,222.4604663629054,68.42356096069253,2.57921443013013,-0.9600000000000007,0.1875,39.860237,-88.961529,0,Mixed Market 0
209,"Santa Cruz-Watsonville, CA",CA,West,0.44156513566185124,107893,98177.36769309166,109.896,164.328,5.9,262406,271.9450012575932,61.77771821117331,2.538295218665172,-0.8600000000000005,0.0,37.012347,-122.007789,0,Business-Dense Market
210,"Sandusky, OH",OH,Midwest,0.4412474607793473,74627,83586.6533752982,89.281,59.462,5.2,113533,249.09057278500524,50.7614067776872,2.512015944637635,-1.1500000000000001,0.375,41.519606,-82.794568,0,High-Unemployment Market
211,"Altoona, PA",PA,Northeast,0.4408131858234474,66994,74847.77726881696,89.507,54.978,3.5,120269,264.2409931071182,52.09347306628535,2.5065492114660515,-1.25,0.25,40.498683,-78.309597,0,Mixed Market 0
212,"Lima, OH",OH,Midwest,0.4407547004509507,67668,75464.20725111243,89.669,57.275,4.4,100866,221.9776733487994,52.85828568845902,2.551978057682621,-1.0300000000000002,0.375,40.771627,-84.106103,0,Mixed Market 0
213,"Providence-Warwick, RI-MA",RI,Northeast,0.44072264640321046,82870,81426.31149715543,101.773,103.851,4.5,1700901,251.22567392223297,61.07048124465594,2.5593859975191777,-1.300000000000001,0.08333333333333333,41.70684,-71.286687,0,Elite Opportunity Market
214,"Buffalo-Cheektowaga, NY",NY,Northeast,0.44067054001920897,72300,75435.08200826343,95.844,80.989,3.9,1160172,232.4827697962026,57.63959400461378,2.560958106670574,-1.2200000000000004,0.020833333333333332,43.044371,-78.777335,0,Elite Opportunity Market
215,"Virginia Beach-Chesapeake-Norfolk, VA-NC",VA,South,0.44060586336074875,82402,84134.32576755394,97.941,99.805,3.1,1796689,220.7894632849647,55.93090503878382,2.520725642728366,-1.02,0.4583333333333333,36.837289,-76.391849,0,Elite Opportunity Market
216,"Hot Springs, AR",AR,South,0.4404055492305034,60453,70515.57214510672,85.73,57.281,3.6,99902,295.58967788432665,42.57237084217976,2.505423572684107,-0.9500000000000005,0.5833333333333334,34.578852,-93.146932,0,Business-Dense Market
217,"Carson City, NV",NV,West,0.44030472309878954,62948,64147.55936003261,98.13,101.176,4.7,58148,337.41487239457933,57.74857618505214,2.579880102666838,-0.6500000000000004,0.875,39.15306,-119.747368,0,Business-Dense Market
218,"Tuscaloosa, AL",AL,South,0.44014872991897536,62280,70997.01329199062,87.722,58.246,3.3,281081,167.3894713623475,57.37997465427542,2.565722385255725,-0.9300000000000002,0.5416666666666666,33.097877,-87.799147,0,Mixed Market 0
219,"Auburn-Opelika, AL",AL,South,0.4399476963559891,68336,77713.71385031784,87.933,62.078,3.0,205355,173.9913807796255,47.10773096663815,2.5400118318356064,-0.6200000000000002,0.5416666666666666,32.492206,-85.527127,0,High-Unemployment Market
220,"Florence-Muscle Shoals, AL",AL,South,0.4399055493570493,66882,78854.47492837522,84.817,47.677,3.3,156287,212.4936814962217,44.46450525480864,2.5012151914665535,-0.6900000000000005,0.5416666666666666,34.799254,-87.719388,0,High-Unemployment Market
221,"Gettysburg, PA",PA,Northeast,0.43970444833578004,86279,90459.11573826523,95.379,73.865,3.1,107914,182.27477435735864,45.41103965702037,2.5171625799412776,-0.9400000000000001,0.25,39.869437,-77.21775,0,High-Unemployment Market
222,"Tampa-St. Petersburg-Clearwater, FL",FL,South,0.4391028563469338,78275,77584.49796808405,100.89,125.839,3.5,3424560,266.70579578106384,62.41660042477612,2.5351449066453484,-0.9300000000000004,0.9375,28.120541,-82.525188,0,Elite Opportunity Market
223,"Sebastian-Vero Beach-West Vero Corridor, FL",FL,South,0.4372467239369823,79849,81223.29820563941,98.308,101.635,4.1,172139,280.0062739995004,50.71143565507089,2.524558063713576,-0.9000000000000007,0.9375,27.700528,-80.574789,0,Business-Dense Market
224,"Rockford, IL",IL,Midwest,0.43721196053427475,70111,76080.25696117368,92.154,70.076,5.6,337103,212.87262350082912,56.63140822546091,2.583120631940313,-1.3000000000000003,0.1875,42.331183,-89.042914,0,Mixed Market 0
225,"Texarkana, TX-AR",TX,South,0.43683510827081723,58000,69037.75651097462,84.012,49.885,4.2,146210,216.87983038095888,47.65224735919258,2.553399339780976,-0.8300000000000002,0.7916666666666666,33.478373,-94.207162,0,High-Unemployment Market
226,"Monroe, LA",LA,South,0.4367859431688098,56468,67547.87851238681,83.597,42.815,4.9,222072,243.11934867970749,46.15806097593619,2.5597358510296453,-0.7700000000000004,0.20833333333333334,32.67396,-92.058318,0,High-Unemployment Market
227,"Columbia, SC",SC,South,0.4365819889276085,70788,75578.14268326535,93.662,79.455,4.0,871176,216.43158213724894,51.15841817031813,2.565151853492146,-0.32000000000000045,0.4791666666666667,34.077585,-81.037845,0,High-Unemployment Market
228,"Corpus Christi, TX",TX,South,0.43605115404232564,68650,74079.26967443968,92.671,84.905,4.4,448853,219.49279608245908,54.0229869657588,2.567586742037612,-1.2399999999999998,0.7916666666666666,27.894817,-97.401668,0,High-Unemployment Market
229,"Olympia-Lacey-Tumwater, WA",WA,West,0.43575932981391585,98264,94785.37667599112,103.67,116.675,4.6,302912,219.73378406930064,53.45636019569833,2.5296927248870245,-0.8400000000000005,0.3333333333333333,46.935822,-122.830152,0,Business-Dense Market
230,"Niles, MI",MI,Midwest,0.4356903451509512,68984,74682.25614376961,92.37,71.599,5.0,152703,233.19777607512623,53.81149373034815,2.566775033431863,-0.9100000000000003,0.3958333333333333,41.791382,-86.742543,0,High-Unemployment Market
231,"Lebanon, PA",PA,Northeast,0.43557072032187605,72275,77536.63612762031,93.214,66.039,3.1,145319,193.43650864649496,52.873794228011235,2.5419759925326786,-1.1700000000000004,0.25,40.371448,-76.464819,0,Mixed Market 0
232,"Albuquerque, NM",NM,West,0.4350029480937453,76097,79644.35978481568,95.546,89.153,3.9,929919,209.0934801848333,54.34432753229011,2.5485806706866887,-1.0500000000000003,0.5,35.123496,-106.458392,0,Elite Opportunity Market
233,"Albany, OR",OR,West,0.434890230836145,80422,78767.87463271304,102.1,101.059,4.6,132474,214.8346090553618,53.9894875872665,2.604873317608003,-0.7700000000000001,0.6875,44.488898,-122.537208,0,Business-Dense Market
234,"Racine-Mount Pleasant, WI",WI,Midwest,0.4346357981946144,77830,81105.86592469858,95.961,92.029,3.5,198651,207.09686837720426,56.810587119579274,2.5301123098758618,-0.9,0.7083333333333334,42.780392,-87.771599,0,Mixed Market 0
235,"Wildwood-The Villages, FL",FL,South,0.43452100927755793,78807,92253.9333208466,85.424,51.733,5.9,154693,134.5245098356099,50.25979945305378,2.5255216288368527,-0.8100000000000002,0.9375,28.713326,-82.069522,0,High-Unemployment Market
236,"Longview-Kelso, WA",WA,West,0.43419816814027845,78460,80434.6711774053,97.545,82.536,5.3,113982,202.57584530890844,58.52568351284176,2.5831671747692786,-0.8800000000000004,0.3333333333333333,46.196785,-122.67846,0,High-Unemployment Market
237,"Paducah, KY-IL",KY,South,0.43381990323837805,64271,74660.79643139259,86.084,48.794,5.1,99814,265.3936321558098,53.30065028901734,2.507223070224004,-0.4300000000000005,0.2708333333333333,37.094234,-88.71705,0,High-Unemployment Market
238,"Hagerstown-Martinsburg, MD-WV",MD,South,0.4335886933153181,80901,85908.61305497446,94.171,75.737,3.3,312992,175.97893875881812,49.7213776084974,2.522590313912308,-0.7400000000000005,0.125,39.554433,-77.984594,0,High-Unemployment Market
239,"Bangor, ME",ME,Northeast,0.43321892336846335,66506,68912.42176814358,96.508,77.688,3.3,156840,269.191532772252,52.18392072297486,2.5568003818669753,-0.5800000000000002,0.3125,45.409284,-68.666616,0,High-Unemployment Market
240,"Hickory-Lenoir-Morganton, NC",NC,South,0.4331467789867752,64059,72394.50308523382,88.486,59.578,3.6,373031,211.80545316609076,49.85267173427379,2.5409076116808484,-0.9900000000000002,0.8125,35.814295,-81.456584,0,Mixed Market 0
241,"North Port-Bradenton-Sarasota, FL",FL,South,0.43275826404814943,82106,80168.33142935255,102.417,127.95,3.6,934956,290.54843222568763,53.55786732359669,2.521902944545293,-0.8200000000000001,0.9375,27.329055,-82.414533,0,Business-Dense Market
242,"Dayton-Kettering-Beavercreek, OH",OH,Midwest,0.43237732450268485,72711,78441.97035406822,92.694,72.712,4.3,821740,199.2357680044783,57.58098480721506,2.542404575368991,-0.8800000000000003,0.375,39.829746,-84.140992,0,Mixed Market 0
243,"Lewiston-Auburn, ME",ME,Northeast,0.43140690533167303,68775,72596.47863536564,94.736,69.003,3.2,115272,249.58359358734126,54.19388209904056,2.530585416906754,-0.5900000000000002,0.3125,44.167681,-70.207435,0,High-Unemployment Market
244,"Watertown-Fort Drum, NY",NY,Northeast,0.43115537023020334,70624,80538.2597787661,87.69,53.185,4.4,113140,207.5304931942726,48.717944238697505,2.5130971561430577,-0.9000000000000001,0.020833333333333332,43.996389,-76.052968,0,High-Unemployment Market
245,"College Station-Bryan, TX",TX,South,0.4311265415667199,61983,68149.88290398127,90.951,75.088,3.4,288771,194.9988052816938,48.70051474567879,2.5830691082634236,-0.5600000000000006,0.7916666666666666,30.754392,-96.488537,0,High-Unemployment Market
246,"Jonesboro, AR",AR,South,0.4309424374497071,55486,64611.765801853835,85.876,53.848,3.2,138152,225.91059123284498,50.646566482784856,2.5416255917574233,-0.5700000000000003,0.5833333333333334,35.696978,-90.650175,0,High-Unemployment Market
247,"Detroit-Warren-Dearborn, MI",MI,Midwest,0.43017703259932843,76403,76175.99553331074,100.298,94.69,4.5,4400578,232.76487770470152,68.2282650779735,2.5565775719896395,-1.6700000000000008,0.3958333333333333,42.721848,-83.200846,0,Elite Opportunity Market
248,"Waco, TX",TX,South,0.42974284482725156,67792,73249.05456509994,92.55,83.531,3.8,305814,211.92620350932265,50.65778736251887,2.557108406914303,-0.6000000000000002,0.7916666666666666,31.5921,-97.286018,0,Mixed Market 0
249,"Walla Walla, WA",WA,West,0.4294205037653632,72892,73987.75870644242,98.519,86.579,4.2,62068,240.22040342849778,53.07102751263335,2.5734936286018453,-0.5700000000000002,0.3333333333333333,46.254606,-118.48037,0,High-Unemployment Market
250,"Kalamazoo-Portage, MI",MI,Midwest,0.4283801620136369,71069,74935.68114719527,94.84,81.59,4.2,264780,215.42412568925147,60.23239381054662,2.547514201500349,-0.7500000000000003,0.3958333333333333,42.246266,-85.532854,0,Mixed Market 0
251,"Winston-Salem, NC",NC,South,0.4277352435523683,65903,71600.23032712971,92.043,71.377,3.6,705187,203.29359446501425,56.30650006801267,2.549200590524037,-0.8800000000000007,0.8125,36.078852,-80.345064,0,Mixed Market 0
252,"Kiryas Joel-Poughkeepsie-Newburgh, NY",NY,Northeast,0.4273948935392175,95125,86934.07175887848,109.422,115.763,3.5,711730,254.92813285937083,54.43313691258903,2.5382083940698186,-1.0000000000000004,0.020833333333333332,41.575274,-74.033873,0,Business-Dense Market
253,"Athens-Clarke County, GA",GA,South,0.42674497126222233,64951,69583.15031657435,93.343,76.759,3.3,221801,242.19908837200916,49.7170689982893,2.545151059179796,-0.45000000000000034,0.5625,33.943984,-83.213897,0,Business-Dense Market
254,"Jackson, TN",TN,South,0.42653677959255953,62566,73157.78396202147,85.522,56.567,3.8,183680,219.78440766550523,49.09614649855357,2.5072211933498108,-0.8900000000000002,0.75,35.753215,-88.882692,0,Mixed Market 0
255,"Chambersburg, PA",PA,Northeast,0.42608175005162285,74019,78209.46302909913,94.642,71.914,3.1,159285,195.31029287126847,48.542574893279436,2.535983689311214,-1.0300000000000002,0.25,39.926772,-77.724521,0,Mixed Market 0
256,"Corvallis, OR",OR,West,0.4259783463990825,79179,76121.21095590144,104.017,114.437,3.6,98899,222.44916531006382,58.18836960399572,2.576947613604955,-0.5000000000000002,0.6875,44.493882,-123.424664,0,Business-Dense Market
257,"Salisbury, MD",MD,South,0.42578401623972406,70389,73615.57045295292,95.617,87.212,3.4,131570,216.99475564338374,51.715816197004315,2.551277984380041,-1.0100000000000002,0.125,38.197279,-75.769252,0,High-Unemployment Market
258,"Elkhart-Goshen, IN",IN,Midwest,0.42558741974743075,69872,77356.21367284804,90.325,64.327,4.9,207436,251.21001176266415,56.74444012070573,2.5010466141863232,-0.5600000000000003,0.8333333333333334,41.600693,-85.863986,0,Mixed Market 0
259,"Eugene-Springfield, OR",OR,West,0.4247429895532674,73476,72341.68241965973,101.568,98.35,4.2,382396,265.4577976757079,53.04486285448628,2.5742899805864154,-0.8500000000000004,0.6875,43.928334,-122.897581,0,Business-Dense Market
260,"Waterbury-Shelton, CT",CT,Northeast,0.42458075157911107,79889,80066.74818096173,99.778,89.111,3.6,462220,197.1788325905413,66.36465256589506,2.5295897027932845,-1.3200000000000003,0.0625,41.518931,-73.087906,0,Elite Opportunity Market
261,"Kenosha, WI",WI,Midwest,0.4244747953318085,83529,82605.47083605293,101.118,95.814,3.2,168754,201.6544793012314,52.17190494442315,2.539457189320209,-0.91,0.7083333333333334,42.587526,-87.879996,0,Mixed Market 0
262,"Erie, PA",PA,Northeast,0.4241293010485462,63322,69622.86970863111,90.95,56.83,3.8,267750,227.93650793650792,51.455889941314865,2.543413372160578,-1.4000000000000006,0.25,42.117952,-80.096386,0,Mixed Market 0
263,"Midland, MI",MI,Midwest,0.4241228547141868,78046,84905.51669368261,91.921,66.684,4.5,84022,213.63452429125707,73.6623620190762,2.4517238405587185,-0.7500000000000006,0.3958333333333333,43.648203,-84.379414,0,Mixed Market 0
264,"Norwich-New London-Willimantic, CT",CT,Northeast,0.42308258123179954,89431,89034.79516153119,100.445,93.662,3.1,282602,208.17262439756266,61.22097482464681,2.4748079573017145,-1.74,0.0625,41.484769,-72.101666,0,High-Unemployment Market
265,"Sherman-Denison, TX",TX,South,0.42300347460549315,72260,77060.07187723283,93.771,89.466,3.9,150532,192.58363670183084,49.909545517979254,2.548427461236696,-0.4800000000000003,0.7916666666666666,33.624548,-96.675777,0,High-Unemployment Market
266,"Prescott Valley-Prescott, AZ",AZ,West,0.4229410578239837,74788,76116.22818177192,98.255,98.781,3.5,252013,260.26435144218755,49.673098801085146,2.5253618271731284,-0.9500000000000002,0.7291666666666666,34.631071,-112.577225,0,Business-Dense Market
267,"Utica-Rome, NY",NY,Northeast,0.4229105304771909,71584,77239.47430889748,92.678,66.063,3.8,287932,202.7214759040329,52.23141734142011,2.5271065579185774,-0.9400000000000004,0.020833333333333332,43.33228,-75.173189,0,High-Unemployment Market
268,"Owensboro, KY",KY,South,0.42273308011846994,67068,75688.97415641576,88.61,55.698,5.0,112812,225.68521079317804,48.823129403869814,2.529099154667809,-0.13000000000000028,0.2708333333333333,37.664375,-87.147386,0,Mixed Market 0
269,"Panama City-Panama City Beach, FL",FL,South,0.42269724736291486,77625,79782.31376418352,97.296,96.424,3.4,226221,254.22043046401527,47.5722901557529,2.505862364871383,-0.6900000000000002,0.9375,30.273241,-85.642089,0,Business-Dense Market
270,"Great Falls, MT",MT,West,0.42219599634293437,62076,64098.30140946874,96.845,97.115,3.0,84523,292.46477290205036,48.63227953410982,2.5472058762899237,-0.6200000000000002,0.9166666666666666,47.316575,-111.350262,0,Business-Dense Market
271,"Toledo, OH",OH,Midwest,0.4215113891783004,66095,72270.51555409764,91.455,67.317,5.5,601396,217.29442829682938,55.94430324785429,2.5649581345865475,-0.9800000000000003,0.375,41.544357,-83.690777,0,Mixed Market 0
272,"Port St. Lucie, FL",FL,South,0.41988238940775063,80659,80475.51582392147,100.228,113.642,3.8,556336,246.11026430071036,47.79481909625286,2.528575342017605,-0.8600000000000001,0.9375,27.228046,-80.425388,0,Business-Dense Market
273,"Glens Falls, NY",NY,Northeast,0.4193476595073879,71090,74937.2799527755,94.866,76.231,3.5,125127,258.0578132617261,53.4050053559256,2.498700611662523,-0.9400000000000004,0.020833333333333332,43.44045,-73.636757,0,High-Unemployment Market
274,"Lansing-East Lansing, MI",MI,Midwest,0.4193461131303848,72010,75807.18173300629,94.991,83.472,4.4,479971,203.0956036927231,56.84809781505391,2.5461102698790072,-0.7900000000000005,0.3958333333333333,42.713659,-84.605372,0,Elite Opportunity Market
275,"Palm Bay-Melbourne-Titusville, FL",FL,South,0.41932207409225525,78196,78192.09039548023,100.005,111.731,3.5,658447,235.55426632667474,57.834085147175465,2.5189425423742353,-0.7900000000000005,0.9375,28.298311,-80.700333,0,Business-Dense Market
276,"Champaign-Urbana, IL",IL,Midwest,0.41905734168880726,64980,70094.06282361064,92.704,71.604,4.2,243252,202.21827569763045,55.1226378567414,2.561214531390689,-0.5100000000000002,0.1875,40.234489,-88.298623,0,High-Unemployment Market
277,"Amherst Town-Northampton, MA",MA,Northeast,0.41831369807749363,81732,81533.87268936484,100.243,97.537,3.8,165399,211.06536315213515,51.52039421330776,2.536682816837375,-0.9400000000000004,0.22916666666666666,42.339459,-72.663694,0,High-Unemployment Market
278,"Miami-Fort Lauderdale-West Palm Beach, FL",FL,South,0.4168214423036828,80625,70627.65538084184,114.155,155.551,2.9,6457988,344.36112299991885,65.35859957937635,2.536009863142168,-1.3600000000000003,0.9375,26.101828,-80.478755,0,Major Metro Engine
279,"Augusta-Richmond County, GA-SC",GA,South,0.41662240670063516,72176,78534.97709541582,91.903,70.603,4.4,636658,182.829713912336,54.28240819726423,2.526932405325561,-0.3099999999999999,0.5625,33.460371,-81.982833,0,High-Unemployment Market
280,"Kingsport-Bristol, TN-VA",TN,South,0.41634297055889924,62096,71831.29547584068,86.447,56.496,3.6,314259,191.56173729312445,54.482667141810694,2.5043412218608454,-0.8000000000000004,0.75,36.604161,-82.440145,0,High-Unemployment Market
281,"Wenatchee-East Wenatchee, WA",WA,West,0.4154558806708206,79977,77008.32892012902,103.855,114.958,4.8,127023,286.24737252308637,54.78927942489084,2.5419685425905536,-0.8300000000000006,0.3333333333333333,47.76611,-120.270197,0,Business-Dense Market
282,"Cleveland, TN",TN,South,0.41510316984134643,71568,81253.40599455041,88.08,60.327,3.7,132120,174.9924311232213,47.14654841694311,2.490140139096116,-0.6600000000000003,0.75,35.138117,-84.655079,0,Mixed Market 0
283,"Cape Coral-Fort Myers, FL",FL,South,0.41487642051764634,83602,81683.26021749113,102.349,125.113,3.5,860959,264.3099148739952,55.4165486775783,2.491315741005661,-0.9700000000000005,0.9375,26.563273,-81.984182,0,Business-Dense Market
284,"Bloomington, IN",IN,Midwest,0.4147623095944215,67243,70719.57427117076,95.084,85.59,3.8,162553,211.5617675465848,51.05409558671179,2.5563396621163794,-0.3200000000000003,0.8333333333333334,39.241736,-86.671754,0,High-Unemployment Market
285,"Beaumont-Port Arthur, TX",TX,South,0.4139710037922638,65775,73045.99871176954,90.046,70.939,5.4,398733,198.50376066189656,60.575757120312616,2.5395574644219723,-1.39,0.7916666666666666,30.075928,-94.202705,0,High-Unemployment Market
286,"Lafayette-West Lafayette, IN",IN,Midwest,0.413053499435173,67515,72262.65653430375,93.43,76.442,3.7,231353,197.8362070083379,51.577672911006246,2.541135653017115,-0.5900000000000005,0.8333333333333334,40.482153,-87.017112,0,Mixed Market 0
287,"Scranton--Wilkes-Barre, PA",PA,Northeast,0.4125138699217671,68079,72768.18162384027,93.556,66.987,4.2,574009,227.22640237348196,51.485010881735036,2.5298717873394745,-1.4200000000000002,0.25,41.322881,-75.898188,0,Mixed Market 0
288,"Williamsport, PA",PA,Northeast,0.4124390201395507,60403,65406.60530590147,92.35,64.392,4.0,113236,242.32576212511924,50.538831151889376,2.5481100294333134,-1.2600000000000005,0.25,41.343882,-77.055262,0,High-Unemployment Market
289,"Mansfield, OH",OH,Midwest,0.412374535176712,66312,74615.17688360788,88.872,54.919,5.0,124853,209.52640304998678,45.708543098821906,2.53351991321753,-0.9000000000000004,0.375,40.774159,-82.542781,0,High-Unemployment Market
290,"Tucson, AZ",AZ,West,0.41218688577111356,72067,74375.61922060767,96.896,91.765,3.6,1080149,197.94491315549982,54.982789672046174,2.5401169220329964,-0.9500000000000003,0.7291666666666666,32.128038,-111.783657,0,Business-Dense Market
291,"Dalton, GA",GA,South,0.41130691864873614,66660,74195.27180446107,89.844,63.342,4.0,146386,191.48005956853797,51.26957694307252,2.5180533343515217,-0.5100000000000003,0.5625,34.796956,-84.856279,0,Mixed Market 0
292,"Burlington, NC",NC,South,0.4092110941551153,65966,70782.00781149406,93.196,77.88,3.6,183040,199.51923076923075,49.88597997602307,2.540010800293508,-0.8600000000000008,0.8125,36.043954,-79.400573,0,High-Unemployment Market
293,"Salem, OR",OR,West,0.40897205713248247,82732,79819.39044274426,103.649,110.333,4.1,443416,242.7291753116712,51.24097010326324,2.534049458525273,-0.6700000000000005,0.6875,44.903385,-122.901757,0,Business-Dense Market
294,"Las Vegas-Henderson-North Las Vegas, NV",NV,West,0.40869309939124354,80028,79856.30893578805,100.215,115.538,5.8,2398871,225.9479563511335,55.01457208730119,2.5557927206501314,-2.18,0.875,36.21413,-115.014398,0,Elite Opportunity Market
295,"Bowling Green, KY",KY,South,0.40769278056622593,65869,73042.50435245456,90.179,63.395,4.7,197734,184.69256678163595,50.391828822783864,2.5415166239774085,-0.2700000000000003,0.2708333333333333,37.046804,-86.397398,0,Mixed Market 0
296,"Pocatello, ID",ID,West,0.4075270139174738,69612,78298.4275526961,88.906,66.396,4.0,91010,258.54301725085156,44.40188976377953,2.4515400029822243,-0.3600000000000002,0.6041666666666666,42.692921,-112.228982,0,High-Unemployment Market
297,"Michigan City-La Porte, IN",IN,Midwest,0.40691509318295593,66849,72913.98529700487,91.682,68.451,4.7,111348,206.29018931637748,50.85860379844739,2.5341014277839924,-1.0100000000000002,0.8333333333333334,41.549013,-86.744739,0,High-Unemployment Market
298,"Tallahassee, FL",FL,South,0.4064274865408647,65009,69218.15607065664,93.919,78.528,3.5,399098,242.92279089346474,54.31145311323581,2.506845828664692,-0.6500000000000002,0.9375,30.346366,-84.267001,0,Business-Dense Market
299,"Johnstown, PA",PA,Northeast,0.40618555897677255,61786,71903.5482782297,85.929,42.333,4.3,130108,230.2702370338488,43.9662622416917,2.4916240815046478,-1.1600000000000004,0.25,40.510209,-78.710488,0,High-Unemployment Market
300,"Pensacola-Ferry Pass-Brent, FL",FL,South,0.4060644598678656,74248,75982.68469150711,97.717,98.77,3.5,538928,205.81599026215005,52.30008363607851,2.522477575157954,-0.7200000000000002,0.9375,30.608557,-87.158547,0,Business-Dense Market
301,"South Bend-Mishawaka, IN-MI",IN,Midwest,0.4054048453689103,63894,68808.28792349609,92.858,74.586,4.9,325294,207.07421594004194,51.837222217876615,2.561886945132921,-0.8400000000000005,0.8333333333333334,41.774981,-86.123014,0,Mixed Market 0
302,"Albany, GA",GA,South,0.40461289586351246,56851,64847.32345526925,87.669,54.626,4.2,146051,213.21319265188188,47.64776590308174,2.5381148200220705,-0.7800000000000004,0.5625,31.644686,-84.110718,0,High-Unemployment Market
303,"Jackson, MI",MI,Midwest,0.4039961822335827,66155,72080.75921507098,91.779,67.092,4.8,160233,186.6656681207991,57.8055599462578,2.5355897721368623,-1.0700000000000007,0.3958333333333333,42.248474,-84.420868,0,High-Unemployment Market
304,"Blacksburg-Christiansburg-Radford, VA",VA,South,0.4032117461023769,65518,70669.83065472981,92.71,74.371,3.1,183318,195.5072606072508,51.406297839011714,2.5145683470569904,-0.6400000000000003,0.4583333333333333,37.121364,-80.531517,0,High-Unemployment Market
305,"Kankakee, IL",IL,Midwest,0.4031504597066913,76743,79613.87638234744,96.394,92.856,5.7,106410,213.13786298280237,54.82705131103074,2.530447472798847,-0.7200000000000008,0.1875,41.13951,-87.861117,0,High-Unemployment Market
306,"Yakima, WA",WA,West,0.40182528139423423,75399,78914.64754827568,95.545,72.628,6.1,258523,193.79320215222629,52.20927300742401,2.5538843796836352,-0.7800000000000004,0.3333333333333333,46.456558,-120.740145,0,High-Unemployment Market
307,"Gulfport-Biloxi, MS",MS,South,0.40142665842657277,65256,72501.83321111926,90.006,67.906,2.9,426793,184.67969249729964,51.24514693936426,2.4885134916417164,-1.37,0.5208333333333334,30.480153,-88.999297,0,High-Unemployment Market
308,"Binghamton, NY",NY,Northeast,0.4010424408144308,65599,70640.62113005179,92.863,69.694,3.9,243971,194.44934029044435,55.04027613562683,2.5234541565493,-0.9600000000000002,0.020833333333333332,42.163928,-76.022943,0,High-Unemployment Market
309,"El Paso, TX",TX,South,0.40088110597252313,59834,66547.29068422457,89.912,71.248,4.2,877840,185.80834776269026,42.774420796355926,2.563536645880126,-0.9300000000000002,0.7916666666666666,31.527394,-105.521333,0,High-Unemployment Market
310,"Riverside-San Bernardino-Ontario, CA",CA,West,0.40077649289394296,91013,85504.78194697583,106.442,129.312,5.2,4744214,187.20698518237162,53.63145082488347,2.563496718395224,-1.21,0.0,34.538476,-116.134541,0,Elite Opportunity Market
311,"Macon-Bibb County, GA",GA,South,0.40050684761374616,56638,63977.49864449665,88.528,58.916,4.2,236551,224.56045419381022,49.32371122579213,2.5289934241728016,-0.6200000000000003,0.5625,32.856216,-83.714305,0,High-Unemployment Market
312,"Battle Creek, MI",MI,Midwest,0.40008634707552865,65024,71817.18779337539,90.541,61.045,5.2,133785,185.52154576372538,60.39606049947239,2.5270110987626406,-1.1800000000000002,0.3958333333333333,42.24299,-85.012385,0,Mixed Market 0
313,"Springfield, MA",MA,Northeast,0.4000403930839444,71402,74329.85290596599,96.061,75.781,5.1,464151,201.20607302364962,57.0047942445361,2.5403468075418836,-1.3900000000000003,0.22916666666666666,42.136198,-72.635648,0,Mixed Market 0
314,"Rome, GA",GA,South,0.3997931366443025,66459,73711.47170062443,90.161,60.276,3.5,101390,209.88263142321728,52.10750823215947,2.474920147640201,-0.61,0.5625,34.26369,-85.213685,0,Mixed Market 0
315,"Youngstown-Warren, OH",OH,Midwest,0.3982232223371997,57812,66150.99434743804,87.394,53.448,5.0,426086,215.7076270987547,48.761810868928464,2.531882823759931,-1.1800000000000008,0.375,41.195092,-80.76508,0,High-Unemployment Market
316,"Alexandria, LA",LA,South,0.3980148371367694,55909,65248.69873724996,85.686,53.684,4.1,148008,227.69039511377764,49.42868049107604,2.495996553361232,-0.5400000000000004,0.20833333333333334,31.325348,-92.546803,0,High-Unemployment Market
317,"Hammond, LA",LA,South,0.3974122682333321,56626,67044.75491356855,84.46,48.16,4.9,139823,187.16520171931657,44.05393867865304,2.534379422884322,-1.14,0.20833333333333334,30.621348,-90.40649,0,High-Unemployment Market
318,"Wheeling, WV-OH",WV,South,0.3968677677612531,55531,62872.63793122969,88.323,51.443,4.8,135136,235.31849396163867,51.56314059552288,2.528679987798124,-1.1300000000000003,0.16666666666666666,39.977687,-80.854826,0,High-Unemployment Market
319,"Greenville, NC",NC,South,0.39676524052992385,57031,64513.24630664464,88.402,57.326,4.0,180783,211.13710913083642,50.14438610349581,2.5212311145638315,-0.7800000000000005,0.8125,35.59249,-77.372739,0,High-Unemployment Market
320,"Flagstaff, AZ",AZ,West,0.39496945288857077,75164,74920.50834786943,100.325,108.961,3.9,145161,272.45610046775647,47.152448317636484,2.4963091102026453,-1.4300000000000004,0.7291666666666666,35.829692,-111.773728,0,Business-Dense Market
321,"Monroe, MI",MI,Midwest,0.3945991025428074,75766,81040.08899157147,93.492,74.641,5.3,156045,153.48136755423116,53.7804700751151,2.5227093052998835,-0.9600000000000003,0.3958333333333333,41.916097,-83.487106,0,High-Unemployment Market
322,"Valdosta, GA",GA,South,0.3943736950810858,59180,67043.5363822773,88.271,58.758,3.9,153179,211.71309383139987,42.03907488986784,2.515687115560264,-0.5000000000000003,0.5625,30.827158,-83.243555,0,High-Unemployment Market
323,"Huntington-Ashland, WV-KY-OH",WV,South,0.3930987519318051,61741,69825.38282327927,88.422,51.257,5.0,366760,191.35129239829863,51.61496364430513,2.5199729054042783,-0.6900000000000001,0.16666666666666666,38.357487,-82.579994,0,High-Unemployment Market
324,"Killeen-Temple, TX",TX,South,0.3914566785775105,68465,75127.28789009349,91.132,77.884,4.4,509487,141.31862049473293,53.6033959208462,2.521612011537686,-0.5600000000000003,0.7916666666666666,31.20273,-97.789638,0,High-Unemployment Market
325,"Deltona-Daytona Beach-Ormond Beach, FL",FL,South,0.3914391821197325,73701,74170.49926031781,99.367,108.375,3.9,739516,230.75903699176217,45.5702040445984,2.519163146872541,-0.9800000000000002,0.9375,29.1789,-81.189023,0,Business-Dense Market
326,"Florence, SC",SC,South,0.39127675790520083,56475,65082.85892087492,86.774,52.425,4.5,200474,219.62947813681575,53.15640002382512,2.497870148472694,-0.43000000000000027,0.4791666666666667,34.153574,-79.806164,0,Mixed Market 0
327,"Terre Haute, IN",IN,Midwest,0.3910005535601338,59209,67438.52295636525,87.797,51.923,4.4,166552,213.62697535904704,48.173895899053626,2.5025701320799123,-0.6199999999999999,0.8333333333333334,39.392389,-87.347096,0,High-Unemployment Market
328,"Redding, CA",CA,West,0.38898753645744166,71140,70656.70811648326,100.684,89.366,5.3,181121,248.89438552128135,53.8994512828118,2.5442879545238566,-0.8200000000000005,0.0,40.760514,-122.043556,0,Business-Dense Market
329,"Salinas, CA",CA,West,0.38807950645869577,93290,85554.19012857431,109.042,145.669,7.3,436251,211.16283974134157,60.396038840937116,2.5731385385602015,-0.9400000000000008,0.0,36.240104,-121.315578,0,Business-Dense Market
330,"Lakeland-Winter Haven, FL",FL,South,0.3873537013543763,66779,68744.40246651774,97.141,95.942,4.2,852878,164.05628941067775,50.1554990141124,2.5697530556393984,-1.1600000000000004,0.9375,27.953686,-81.693493,0,Mixed Market 0
331,"Vallejo, CA",CA,West,0.3869770476062752,94930,87510.02498179371,108.479,142.042,5.0,455101,170.40173499948364,63.16820752397344,2.5270951398841714,-1.1600000000000001,0.0,38.267226,-121.939594,0,Business-Dense Market
332,"Columbus, GA-AL",GA,South,0.38684367893134664,60100,67304.24655079734,89.296,61.185,4.0,328206,187.6260641182672,50.971550338710664,2.507346110382348,-0.6000000000000002,0.5625,32.419377,-84.843709,0,High-Unemployment Market
333,"Parkersburg-Vienna, WV",WV,South,0.38623787290795103,54861,63010.819378402586,87.066,45.884,4.3,87120,224.17355371900825,45.48159164518474,2.5080865375089543,-1.0100000000000002,0.16666666666666666,39.141531,-81.460402,0,High-Unemployment Market
334,"Lawton, OK",OK,South,0.3860986507747851,61848,71965.65085349251,85.941,57.389,3.6,126503,175.25276080409162,43.51283695177036,2.475217013971831,-0.6900000000000002,0.625,34.529113,-98.430902,0,High-Unemployment Market
335,"Stockton-Lodi, CA",CA,West,0.3853073964404859,93038,88532.57714889284,105.089,115.614,6.5,816108,167.11023541001927,56.82647803872741,2.5471908977279942,-1.15,0.0,37.934982,-121.272244,0,Mixed Market 0
336,"Ocala, FL",FL,South,0.38502238162759195,64410,67633.40823655417,95.234,86.23,4.2,428905,195.59109826185286,47.27333294085325,2.5439258296840195,-0.7300000000000002,0.9375,29.202805,-82.0431,0,Business-Dense Market
337,"Elmira, NY",NY,Northeast,0.38370309495713745,66527,70475.01006377254,94.398,76.357,3.8,81115,203.04505948344942,51.86378618515334,2.498400229768613,-1.0200000000000002,0.020833333333333332,42.148697,-76.752471,0,High-Unemployment Market
338,"Morristown, TN",TN,South,0.383602615732311,62456,72317.16919086657,86.364,59.024,3.5,126932,166.23073771783316,45.59935729588193,2.470916430685999,-0.8300000000000003,0.75,36.115484,-83.376546,0,Mixed Market 0
339,"Springfield, OH",OH,Midwest,0.3829520440521272,64897,71723.65774408169,90.482,61.726,4.7,134985,162.68474274919436,46.893838574864,2.5247054039590737,-0.9000000000000006,0.375,39.917032,-83.783676,0,Mixed Market 0
340,"Beckley, WV",WV,South,0.3821870098313629,51327,58082.58552207222,88.369,52.246,4.0,110979,218.32959388713178,46.41330402930403,2.5292371845617097,-1.2100000000000002,0.16666666666666666,37.905659,-81.163748,0,High-Unemployment Market
341,"Johnson City, TN",TN,South,0.3815950682580606,57462,65351.19643344555,87.928,63.176,3.5,215679,188.70636455102257,50.98659505845764,2.4871853693574564,-0.6200000000000001,0.75,36.265822,-82.332693,0,High-Unemployment Market
342,"Sierra Vista-Douglas, AZ",AZ,West,0.3807149647666984,60723,68042.31144179376,89.243,61.918,4.2,125773,174.04371367463605,45.261686543697515,2.5163426390106087,-0.6800000000000003,0.7291666666666666,31.840129,-109.775163,0,High-Unemployment Market
343,"Clarksville, TN-KY",TN,South,0.37996820523974345,72347,79548.52826371403,90.947,73.801,4.1,344003,149.0975369400848,45.162882659268995,2.4796436531941795,-0.6700000000000005,0.75,36.69571,-87.624307,0,High-Unemployment Market
344,"Gainesville, FL",FL,South,0.37893914288023145,61949,64041.226882242874,96.733,92.982,3.8,360881,218.96414607585325,52.381387766673754,2.525125529358635,-0.48000000000000004,0.9375,29.453355,-82.666257,0,High-Unemployment Market
345,"Rocky Mount, NC",NC,South,0.37615229941824857,57802,65675.13520883516,88.012,56.103,4.8,147114,191.41618064902048,47.02569525428419,2.5111879776949078,-1.0100000000000007,0.8125,35.941045,-77.798549,0,Mixed Market 0
346,"Ithaca, NY",NY,Northeast,0.37563410884079157,71948,69638.10408742027,103.317,128.377,3.3,105602,211.1702429878222,51.62867365192947,2.524090709465547,-0.5600000000000006,0.020833333333333332,42.453006,-76.473483,0,Elite Opportunity Market
347,"Myrtle Beach-Conway-North Myrtle Beach, SC",SC,South,0.3749815378533149,68534,73187.24503961898,93.642,83.129,4.7,413391,255.20633008459305,42.013554995476284,2.467322309534266,-0.81,0.4791666666666667,33.909269,-78.976675,0,Business-Dense Market
348,"Muncie, IN",IN,Midwest,0.3718333617910314,54232,61523.800880337614,88.148,57.474,4.7,112951,204.86759745376312,48.825751907825826,2.5105801766465228,-0.5800000000000002,0.8333333333333334,40.227543,-85.399262,0,High-Unemployment Market
349,"Elizabethtown, KY",KY,South,0.36965053347202675,69080,76270.81217153204,90.572,66.669,5.2,127744,193.6685871743487,46.19677411043261,2.467762608099497,-0.3600000000000004,0.2708333333333333,37.651209,-85.887598,0,High-Unemployment Market
350,"Gadsden, AL",AL,South,0.365578684722655,57959,67667.21539233885,85.653,53.696,3.3,103207,189.32824323931519,42.011649795773394,2.4433103689455105,-1.0500000000000005,0.5416666666666666,34.047641,-86.034263,0,High-Unemployment Market
351,"Anniston-Oxford, AL",AL,South,0.36511779051390264,52719,61337.537376816486,85.949,54.705,3.2,116427,191.7081089438017,42.360528675130865,2.47277686385524,-0.91,0.5416666666666666,33.770516,-85.827909,0,High-Unemployment Market
352,"Las Cruces, NM",NM,West,0.3620714152022714,61154,67789.20764421584,90.212,62.982,4.9,229366,165.5868786132208,41.2309345560053,2.5174198442539373,-0.8900000000000007,0.5,32.349919,-106.834968,0,High-Unemployment Market
353,"Weirton-Steubenville, WV-OH",WV,South,0.3610693187165981,60159,67576.1592379583,89.024,52.383,5.7,112738,183.87766325462576,46.343305668146435,2.505487411031688,-0.8100000000000006,0.16666666666666666,40.388914,-80.701966,0,High-Unemployment Market
354,"Jacksonville, NC",NC,South,0.36059561033821264,73004,79278.92707824294,92.085,72.118,3.7,212954,144.6321740845441,37.58988487905834,2.459424751358402,-0.7300000000000003,0.8125,34.763109,-77.499469,0,Business-Dense Market
355,"Atlantic City-Hammonton, NJ",NJ,Northeast,0.35969040222774706,80806,81740.2915322132,98.857,98.673,6.2,372989,268.31890484705986,52.088855924346376,2.4302649920811423,-2.23,0.041666666666666664,39.286186,-74.738311,0,Business-Dense Market
356,"Modesto, CA",CA,West,0.3583512753522727,78673,75568.64025819341,104.108,108.476,6.9,556972,179.77564401801166,58.85186541303239,2.5543768532497744,-0.9800000000000009,0.0,37.562316,-121.002831,0,Business-Dense Market
357,"Warner Robins, GA",GA,South,0.35821252166085443,78028,83195.2574395718,93.789,79.172,3.2,204110,163.441281661849,42.62305386326274,2.410534789073785,-0.4500000000000001,0.5625,32.492806,-83.711084,0,High-Unemployment Market
358,"Bay City, MI",MI,Midwest,0.3577692499976662,64694,70380.00021757813,91.921,66.684,5.6,102651,199.12129448324905,47.66715457670967,2.4865702567448014,-0.9200000000000002,0.3958333333333333,43.699711,-83.978701,0,High-Unemployment Market
359,"Goldsboro, NC",NC,South,0.357056444551481,59562,67330.60523162488,88.462,57.684,3.7,120338,182.40289850255115,42.72630765113444,2.4580206575459593,-0.6800000000000003,0.8125,35.35419,-78.00867,0,High-Unemployment Market
360,"Saginaw, MI",MI,Midwest,0.3559221986613779,61455,67613.95517708024,90.891,63.647,5.9,187714,217.99119937777684,53.42009539690542,2.4742646998008735,-1.0400000000000005,0.3958333333333333,43.328267,-84.05541,0,High-Unemployment Market
361,"Pueblo, CO",CO,West,0.35400280242218995,62128,67705.58619036202,91.762,71.285,5.9,169866,191.32728150424452,51.75919976347689,2.4966459556994685,-0.7500000000000003,0.7708333333333334,38.162765,-104.484668,0,High-Unemployment Market
362,"Punta Gorda, FL",FL,South,0.3517657356350184,72868,72487.44093509077,100.525,113.277,4.1,212122,216.90348007278828,47.62547834159817,2.4690884623808182,-0.8900000000000007,0.9375,26.906396,-82.003657,0,Business-Dense Market
363,"Muskegon-Norton Shores, MI",MI,Midwest,0.35012863354721707,60829,65747.57617354272,92.519,74.228,5.1,177428,177.3677209910499,50.80195268784008,2.4970539963046665,-1.4800000000000013,0.3958333333333333,43.428739,-86.420908,0,High-Unemployment Market
364,"Fresno, CA",CA,West,0.3497318927289236,74983,73399.04853266508,102.158,95.725,7.9,1189557,180.8236175315685,55.28743268423223,2.5667317851195337,-0.9200000000000004,0.0,36.879404,-119.668488,0,High-Unemployment Market
365,"Lake Havasu City-Kingman, AZ",AZ,West,0.3493622848675763,60952,64775.021785797784,94.098,79.773,4.4,226479,190.0838488336667,45.03714297558347,2.4966538973238266,-1.3000000000000005,0.7291666666666666,35.717705,-113.749689,0,Business-Dense Market
366,"Chico, CA",CA,West,0.34732683063307085,65221,64449.539017955074,101.197,91.946,5.9,208334,224.4952816150988,51.52601412330979,2.535183037951551,-0.8899999999999999,0.0,39.665336,-121.603209,0,Business-Dense Market
367,"Sebring, FL",FL,South,0.34610241855836016,57580,62268.84394938899,92.47,73.455,4.9,109778,194.7566907759296,42.3165333101409,2.5073927562236342,-0.81,0.9375,27.34108,-81.342353,0,Business-Dense Market
368,"Flint, MI",MI,Midwest,0.34604360836826126,63594,68355.65492185652,93.034,74.039,5.7,402279,192.22977088040886,50.796700073533664,2.4823053136291575,-1.360000000000001,0.3958333333333333,43.021077,-83.706372,0,High-Unemployment Market
369,"Brownsville-Harlingen, TX",TX,South,0.34354218958686283,53267,61956.38266938064,85.975,57.72,5.2,431874,155.87879798274497,36.64861130190951,2.5096521762738226,-1.1900000000000006,0.7916666666666666,26.102923,-97.478958,0,High-Unemployment Market
370,"Bakersfield-Delano, CA",CA,West,0.34079945840812215,71596,70967.23033919474,100.886,90.291,8.6,922529,155.57234515120933,56.578912042955764,2.5854703953722358,-0.9900000000000005,0.0,35.346629,-118.729506,0,High-Unemployment Market
371,"Vineland, NJ",NJ,Northeast,0.33894102419412686,68067,70926.76725575191,95.968,83.883,7.0,155678,181.52853967805342,53.449400158842955,2.5046312256183647,-1.0100000000000007,0.041666666666666664,39.328434,-75.121628,0,Mixed Market 0
372,"Sumter, SC",SC,South,0.338249142017285,56824,64558.054987502845,88.02,60.833,5.2,104776,174.9446438115599,44.07090223776699,2.470750737656926,-0.35,0.4791666666666667,33.91614,-80.382376,0,High-Unemployment Market
373,"Kokomo, IN",IN,Midwest,0.33511974575855796,65267,72803.63198286633,89.648,59.252,6.9,84082,215.62284436621394,53.052734993978575,2.425116948469392,-0.8799999999999999,0.8333333333333334,40.483537,-86.114118,0,High-Unemployment Market
374,"Yuba City, CA",CA,West,0.33506211952553755,81094,77800.69651645832,104.233,108.279,7.8,186014,169.7721676863032,55.494193478201744,2.5328411554572874,-0.780000000000001,0.0,39.160969,-121.511833,0,Business-Dense Market
375,"Fayetteville, NC",NC,South,0.334115161322319,61379,66732.26206266717,91.978,73.081,4.5,393812,163.47902044630433,45.13211814540088,2.4647883674954603,-1.0700000000000007,0.8125,35.037956,-78.982209,0,High-Unemployment Market
376,"Grants Pass, OR",OR,West,0.33240042996620317,59711,61079.17348608837,97.76,79.911,5.8,88276,239.02306402646244,46.34217214503558,2.5017310212151167,-0.5900000000000002,0.6875,42.386983,-123.57162,0,Business-Dense Market
377,"Laredo, TX",TX,South,0.3319069633233132,60580,69667.41800450803,86.956,59.746,4.2,272823,214.0581989055175,38.10088213438166,2.387673255007532,-1.1500000000000004,0.7916666666666666,27.760799,-99.340752,0,High-Unemployment Market
378,"Homosassa Springs, FL",FL,South,0.33158912662341394,59481,63638.50342901773,93.467,78.427,5.0,170174,179.9922432333964,42.97362171876003,2.4894759900218224,-0.7800000000000006,0.9375,28.850292,-82.595552,0,Business-Dense Market
379,"Hinesville, GA",GA,South,0.33085266175877265,66943,71266.75396293102,93.933,79.46,4.0,89657,115.66302686906766,53.1381029459372,2.4519424450813743,-0.5400000000000004,0.5625,31.778788,-81.57648,0,High-Unemployment Market
380,"McAllen-Edinburg-Mission, TX",TX,South,0.329332668720406,56720,66034.11141509983,85.895,55.892,6.0,914820,146.40038477514702,36.894866524362925,2.4849255790857065,-1.380000000000001,0.7916666666666666,26.396384,-98.18099,0,High-Unemployment Market
381,"Yuma, AZ",AZ,West,0.3032809170559242,66844,72103.2079908528,92.706,73.776,12.2,220310,153.2386183105624,43.90149277402217,2.5676035200259864,-1.030000000000001,0.7291666666666666,32.773942,-113.910905,0,High-Unemployment Market
382,"Visalia, CA",CA,West,0.2932791753754669,69880,70002.50438266966,99.825,84.053,10.3,483546,148.6725151278265,52.68813493097161,2.5445452132567925,-0.6800000000000006,0.0,36.228834,-118.781055,0,High-Unemployment Market
383,"Eagle Pass, TX",TX,South,0.28796192671515775,52647,62820.83407911222,83.805,53.681,7.9,58829,150.09604106818065,32.59448416751788,2.4595662531337963,-1.9700000000000002,0.7916666666666666,28.729787,-100.316678,0,High-Unemployment Market
384,"Hanford-Corcoran, CA",CA,West,0.2784084808442803,73954,72780.77392433965,101.612,93.497,8.9,154913,117.54985056128278,51.75506234587198,2.5031558697918155,-0.8400000000000002,0.0,36.072478,-119.81553,0,High-Unemployment Market
385,"Merced, CA",CA,West,0.2688284648514372,64980,66120.58000508776,98.275,78.63,9.8,296774,121.03486154447491,49.48170350186699,2.522475728221909,-0.6700000000000003,0.0,37.194806,-120.722802,0,High-Unemployment Market
386,"El Centro, CA",CA,West,0.19240782450928418,60749,63829.407191039565,95.174,66.274,18.4,181724,147.31130725715923,46.925530985053754,2.553865498798798,-1.0000000000000016,0.0,33.040814,-115.3554,0,High-Unemployment Market
