metro_title,primary_state,region,population,opportunity_score,clinic,construction,education,finance,personal_services,professional_services,restaurant,retail,technology
"Abilene, TX",TX,South,181969,0.461234580166394,20.94950536142818,13.734804824234597,12.483252217520022,16.0580734661016,22.79805205689012,9.962940451959438,15.99942764848738,19.2905527320049,11.709693538072589
"Akron, OH",OH,Midwest,702209,0.46686802488490103,20.48136576262438,13.757944930743676,13.1405304627573,15.119396386505091,21.98471330202097,14.546493438579011,16.039645135372215,17.812208431708683,14.026973708203247
"Albany, GA",GA,South,146051,0.40461289586351246,14.936501087019725,7.085604345436118,3.5381214388149145,8.17715808597806,12.79342432080581,6.077634058695114,9.47241122179984,19.59045021925748,5.397859013032398
"Albany, OR",OR,West,132474,0.434890230836145,9.546701949817429,14.13988288788747,4.806921815117492,6.062618479947912,12.403642946931132,4.382764185197373,7.762760459890869,14.066120833832791,4.567130245167695
"Albany-Schenectady-Troy, NY",NY,Northeast,913485,0.4673395153917185,55.53342582370961,49.45576718282927,49.33786865156345,51.456297534123365,55.804834558476244,51.457174389004976,51.15212063083325,53.77555182440528,49.46808286416456
"Albuquerque, NM",NM,West,929919,0.4350029480937453,16.9087164106149,13.897346131998614,9.067107682765299,11.95508690365925,15.251429298411113,14.110636741306443,13.409527900859846,13.86809044105434,9.414673665750852
"Alexandria, LA",LA,South,148008,0.3980148371367694,27.151821132318066,13.696742129898615,7.416537592711181,11.52242014848941,17.943595955359253,8.346664053495214,9.864104060423816,19.81299831658413,7.560309509829545
"Allentown-Bethlehem-Easton, PA-NJ",PA,Northeast,886418,0.44772577703801025,15.290261594794096,5.792763226358701,6.310171999575311,6.353690358210898,13.92848389983532,5.507315525946992,7.009384534070137,11.828293157514953,5.727362906476925
"Altoona, PA",PA,Northeast,120269,0.4408131858234474,27.699620980836926,15.372531366209111,12.205343960917613,15.54292297472556,28.73685716344503,12.056577397405691,16.380155934656,25.192323384447977,15.419918059911753
"Amarillo, TX",TX,South,278330,0.4716526098937526,31.342942407757153,27.595550390847823,22.038677082187654,28.851531409788283,35.91923185572139,22.99059847377995,28.834689895609472,32.111220113045476,23.418755503174303
"Ames, IA",IA,Midwest,129227,0.49573586175561346,39.7047573996644,38.1965650565729,33.157529411752456,35.639581778354746,44.27216371339438,34.043181158086895,39.385067496707435,42.27442172412172,36.954516292354825
"Amherst Town-Northampton, MA",MA,Northeast,165399,0.41831369807749363,12.418190988788563,4.874637843430872,15.549453700958429,3.36701692570421,12.090404369082835,3.4351504134435116,7.461153881617689,12.888323907103247,4.180014511885892
"Anchorage, AK",AK,West,407213,0.5083599785079761,72.69530073897464,65.35046018788675,60.05060124168543,60.78802520486991,67.70176752425905,63.95769354200554,63.83190252783374,63.05989600928079,62.705155326538645
"Ann Arbor, MI",MI,Midwest,373875,0.46446681604990514,70.31658561177035,54.41362130462449,56.27891198546806,55.60354518713482,60.61767300419696,60.567027421956524,58.28084987322389,58.3142994980375,60.32478543151073
"Anniston-Oxford, AL",AL,South,116427,0.36511779051390264,8.666090140019907,1.6248439518244662,1.8651210394607962,5.601498794639649,12.513565802511556,2.056663886220641,8.4201672808521,18.662203508712157,2.6973680371078745
"Appleton, WI",WI,Midwest,248992,0.5302477212568717,57.1258982790953,60.232072169124905,53.26630646902268,59.349592002450294,62.50109570448761,52.42039356891468,55.467135833452815,59.13345319497908,52.50215415005977
"Asheville, NC",NC,South,422333,0.45413423462356,24.447942386459456,15.11982788180244,14.48427427134648,12.75098996477722,22.362443271006295,13.487902189186018,19.724907695369726,23.308949996390936,12.586121942853246
"Athens-Clarke County, GA",GA,South,221801,0.42674497126222233,21.302401702867765,11.416234077900121,10.747102783104717,12.00054077951479,18.045939619591707,10.98449390889872,16.575018263352774,19.575080480191183,10.656975852279965
"Atlanta-Sandy Springs-Roswell, GA",GA,South,6409047,0.505817728021998,65.54082660479416,63.35570553402824,62.586607241340865,66.03111814136452,67.86623493198596,66.92525549708951,64.16725097857363,64.99900523389933,66.71008605143763
"Atlantic City-Hammonton, NJ",NJ,Northeast,372989,0.35969040222774706,10.50362103684274,7.64678014616539,2.5972534835332084,3.203509072306109,14.277809947109093,3.090488542793045,28.5172134889394,16.922558431919583,1.5535142385085197
"Auburn-Opelika, AL",AL,South,205355,0.4399476963559891,6.000795645172525,4.961676392645283,2.499484600563379,3.7203615520569264,10.589664123615282,2.396540128839168,9.751182566897569,10.7811096370184,3.4893077633084397
"Augusta-Richmond County, GA-SC",GA,South,636658,0.41662240670063516,11.005807218464092,4.719514419160161,2.23250823934151,3.419210129326357,10.584016397496463,3.77084120612348,6.678138432150779,10.930849129664223,2.2239887881894638
"Austin-Round Rock-San Marcos, TX",TX,South,2550637,0.5337636515578335,74.40143297962604,75.41983920327797,73.6667724774102,75.3215927906756,78.38905889042259,79.30352654053026,75.65605184964232,74.55339758460606,81.32320252229994
"Bakersfield-Delano, CA",CA,West,922529,0.34079945840812215,8.598064303302865,6.15529558615566,1.785373201094694,1.6147801490589273,6.342655983110952,2.6445426550327076,6.2379412224585655,9.343748551574391,1.7691289880292722
"Baltimore-Columbia-Towson, MD",MD,South,2859024,0.4717864001602676,56.97655873885425,51.913119694249446,50.96398877232495,51.33908081824116,57.30241661493341,54.943662436206075,50.490893896724366,52.689408321964606,49.320074027483486
"Bangor, ME",ME,Northeast,156840,0.43321892336846335,38.32677285348042,27.843087810367827,23.777433671345655,25.933441036358822,30.17025121545491,22.888158041836164,25.256209194852865,39.05829707772534,24.118909796118928
"Barnstable Town, MA",MA,Northeast,232570,0.4675302088143434,32.14790203146789,33.25993906876411,23.674868705428388,23.384577971282123,36.58764612769454,25.097941233330427,36.32736167747992,43.36942618120293,23.87026944007354
"Baton Rouge, LA",LA,South,882652,0.4563199277995828,49.10466219040299,60.96653855999059,45.40485863825994,49.27808693948575,53.17013672819532,47.67020626935097,47.49832832605846,50.502678085641314,44.59077937118199
"Battle Creek, MI",MI,Midwest,133785,0.40008634707552865,9.685177997431072,1.9542206879896056,2.2728760992804955,4.200025368017981,11.141894194534691,2.3911657009644784,7.988881017216247,9.049729655300686,1.4881440505063246
"Bay City, MI",MI,Midwest,102651,0.3577692499976662,15.827914519988193,4.036552587868263,1.6787229664968681,4.611848480428387,13.066528549116347,2.3433915222988255,7.0917299001326635,15.53220266457135,1.2980155495833554
"Beaumont-Port Arthur, TX",TX,South,398733,0.4139710037922638,11.069291955666847,15.67500819650493,4.816570253636983,8.054463175573481,14.751852273975702,5.546145482782179,8.591368285461217,15.149114095575442,3.8837716987278164
"Beckley, WV",WV,South,110979,0.3821870098313629,23.437933846831918,9.302836462431003,6.246156187936561,9.469505580796325,15.15740695648734,7.669416378313939,12.022334256692499,20.44468052819479,8.38788672840678
"Bellingham, WA",WA,West,234954,0.4810104231784709,29.784783941326403,34.635327562737686,25.280286825822962,24.84228043172393,34.79434770756476,25.44315337545734,28.119345680429387,31.059218383803334,25.29634566143078
"Bend, OR",OR,West,264407,0.5021186941596179,54.82788592593909,55.729897143346044,45.95933282695994,47.5931819183979,55.71814339340313,48.810916360794145,53.18938452421376,54.87696710559725,49.1104463328302
"Billings, MT",MT,West,192531,0.5462445252046694,78.50835765664525,74.75706811411803,66.92367135351584,73.27738945485525,79.50127049245266,69.33163805024931,74.05615551575355,77.27515583182546,67.96335635708573
"Binghamton, NY",NY,Northeast,243971,0.4010424408144308,14.246637067823094,6.782367313204738,4.000745905114799,5.947551999744441,13.621718698250113,5.415702319722573,10.156616690916946,14.429142658852937,6.683800098583472
"Birmingham, AL",AL,South,1192583,0.4920525528669007,57.54290216686931,54.72847808566708,50.74895101304622,59.23584672670346,63.5059732151536,52.898138173627714,53.16024769677489,58.06835159349954,53.8983731794092
"Bismarck, ND",ND,Midwest,138774,0.5705013293339585,78.22232347790725,73.06263623431842,66.81219005061143,74.56212268193227,83.96253134589129,68.3821635837118,70.03337849877302,75.85946569076387,70.95151651113886
"Blacksburg-Christiansburg-Radford, VA",VA,South,183318,0.4032117461023769,10.404597652746128,6.188866555421393,4.847668375924044,5.107725221597266,14.76708437699028,6.750342103984093,10.629623157438413,13.7981366652186,6.744400410033904
"Bloomington, IL",IL,Midwest,172069,0.4753872812184707,66.25721802206533,62.94669549665096,64.5236617022848,83.32126503043766,74.35736251857251,63.87035557530852,68.32089376073856,68.76612132380188,62.506796776531395
"Bloomington, IN",IN,Midwest,162553,0.4147623095944215,19.9988209616559,11.735066561226223,10.682456885532046,12.935797274248841,18.629956836429983,10.4494731943941,18.196045009762358,14.94814723705058,11.530742261462734
"Boise City, ID",ID,West,844979,0.49194271526189376,64.78779631347041,66.90768327708932,57.65827095634633,61.733803632478114,63.0664038285188,59.89511834323879,59.25539274866852,61.67572827387373,60.580258284871555
"Boston-Cambridge-Newton, MA-NH",MA,Northeast,5025517,0.546399359690854,78.15398921637126,73.01020138969157,75.63493665944935,76.37756524329554,78.87388445807268,77.57102692324432,73.840237883385,73.8825864998775,77.5678809008015
"Boulder, CO",CO,West,330262,0.5172906358416307,82.3563407513788,71.2109448256546,80.15766030755394,77.25502738441008,82.44329043822549,87.67935443766387,76.25554763960616,76.62427866157351,88.03295031261862
"Bowling Green, KY",KY,South,197734,0.40769278056622593,12.793719546841913,9.010670205600546,5.8130223066558395,9.191972461952863,11.936737460898108,7.142837088485793,10.892396831846213,15.470909470994082,6.221119682807923
"Bozeman, MT",MT,West,126984,0.5969988746212789,79.32272808016194,90.11188845445825,75.98860157238697,76.55778107827418,83.68556872940378,79.22907180743653,82.67961002043887,84.70763748292316,76.99111679263764
"Bremerton-Silverdale-Port Orchard, WA",WA,West,281420,0.44544159147944157,14.144254918862586,11.617592994235839,6.029115685621714,6.632587007641019,16.94300225504505,9.432491782834793,11.525514721163145,15.61016184302057,6.601764324629024
"Bridgeport-Stamford-Danbury, CT",CT,Northeast,972679,0.5698358800371669,79.7225389630719,70.14407199676627,74.51442110656534,79.99618442906313,80.57277776474002,75.08195171370207,73.01104899365527,75.22185081440162,74.63771639471092
"Brownsville-Harlingen, TX",TX,South,431874,0.34354218958686283,21.53464843900776,1.0394096028808242,2.1467048891437166,4.833910350699954,3.534458959520502,1.5762360790724204,7.501713010973556,9.513858348767448,2.0684169512374626
"Brunswick-St. Simons, GA",GA,South,116080,0.4703767856656393,12.166432982273173,8.42386254668965,6.157652752465789,8.525423361067286,16.51109253417084,6.515775635542689,22.06560681345588,21.026291146943297,6.290497416663304
"Buffalo-Cheektowaga, NY",NY,Northeast,1160172,0.44067054001920897,15.994911315843574,9.137979835353706,9.150086350729516,12.599016529233234,16.665444540804565,9.23399626497487,12.124442960412713,14.74854128322175,7.7116348156082495
"Burlington, NC",NC,South,183040,0.4092110941551153,11.549950647692173,6.006454394695574,3.232187889675162,3.566627927838631,9.764023130961846,1.7961936855276603,7.463357779926329,13.441182858822842,1.7837125967183627
"Burlington-South Burlington, VT",VT,Northeast,229550,0.5210451035573382,74.31162127363837,68.413748564953,68.51791700141133,67.83830746814294,73.020410834798,68.70113754101396,68.11371154550358,74.61409918566363,70.76138980920982
"Canton-Massillon, OH",OH,Midwest,400551,0.45338239671507125,16.28082444923045,9.39948509159509,7.356734174903994,10.24426523424882,20.04962147734085,7.278241152195957,11.312934440859046,16.088555406664177,7.462301901805085
"Cape Coral-Fort Myers, FL",FL,South,860959,0.41487642051764634,16.279921821109436,23.005284368230484,9.111376282113092,12.4066726559427,17.618370954593278,12.661808001371982,13.060550051425585,19.89936170563052,9.504743729900506
"Cape Girardeau, MO-IL",MO,Midwest,100842,0.4694002873555217,44.11123148493813,30.555468231044912,27.588076209068557,33.85770768055664,39.51111558450066,28.078528070316523,33.01510622785514,39.528029187135886,29.873640899128183
"Carson City, NV",NV,West,58148,0.44030472309878954,66.24518694965091,56.421153010124094,51.69209289066562,61.46302243270807,61.79040039126623,55.97777747640325,60.10610809799234,62.58236146749086,57.252039822404164
"Casper, WY",WY,West,80410,0.5698581884402105,78.78306742083169,74.22874056432104,67.74839703530053,72.35683902745043,78.15325146657938,70.53815071716902,71.9451415436586,78.81844864520828,69.66501035617499
"Cedar Rapids, IA",IA,Midwest,278677,0.5179270691676855,66.47066129031452,63.7918115660512,60.46166763141693,67.45573851395608,67.44967412033299,62.46219069489409,61.94920101625652,66.79669035500649,62.90643442367676
"Chambersburg, PA",PA,Northeast,159285,0.42608175005162285,9.304803280958847,4.55364586152393,2.6013459254262723,2.4291214468704325,15.9835492172564,2.1823920238820573,3.764029594977418,11.065212558013823,3.053786351256696
"Champaign-Urbana, IL",IL,Midwest,243252,0.41905734168880726,17.975435431710864,10.603375940357406,9.604304880853528,13.377249620103965,18.951315981809305,9.432801008287734,16.803846800536164,14.904435274913075,13.813510075591317
"Charleston, WV",WV,South,200122,0.44767829003573284,43.274437533871726,29.548960156928594,27.47517054797402,34.482308877888194,41.65518942034401,30.213938697927624,31.747216839745683,35.837385424724786,30.472243436540005
"Charleston-North Charleston, SC",SC,South,869940,0.4764965492763622,50.269245431456724,49.0890100085229,46.124110951554606,48.736166700341165,54.527731950077616,50.181399618636625,52.62510570330268,53.73614829608674,47.43359843923983
"Charlotte-Concord-Gastonia, NC-SC",NC,South,2883370,0.5132481731007748,60.90880734418872,61.2088883399134,58.40168632335016,65.79973561664211,66.40325009882697,60.85372628632043,60.41022321778906,62.38582632777063,59.65468492973838
"Charlottesville, VA",VA,South,226140,0.5329370428239844,55.907665245929884,47.54535763194406,47.904659858363594,48.42590167010081,56.426064382799225,49.339431772406336,51.83736896697321,51.501805452390045,48.52603190194973
"Chattanooga, TN-GA",TN,South,588763,0.46560956088145783,16.114218868244755,12.649105023266586,11.15013091914863,16.420415536102155,19.150772247397438,11.170643684589802,14.03343560234751,18.252239446265484,11.407358508538692
"Cheyenne, WY",WY,West,101783,0.5203175875385251,78.21880528198906,72.38674927765636,68.06339322955347,78.62185416644807,78.5408465402405,76.55710906646203,72.61044762063193,80.158224114143,76.4350587533109
"Chicago-Naperville-Elgin, IL-IN",IL,Midwest,9406924,0.4792405481148879,64.34066678549772,58.58666508141699,59.49993735801742,63.60226235454783,66.14096307410591,62.671470574921216,60.173986047215536,59.45306913228705,59.6747918848374
"Chico, CA",CA,West,208334,0.34732683063307085,17.117995602550764,7.824646157731288,4.121694157611936,6.529989086833347,16.08956815064511,3.088876157978616,7.919312039632737,14.227629772582546,3.359872921181084
"Cincinnati, OH-KY-IN",OH,Midwest,2304804,0.483705386126251,51.61729141328757,47.66312527004373,46.73667184309547,51.13934719384162,53.388365171255984,48.253519824998996,49.43924686662603,49.14589439986067,48.18049788477134
"Clarksville, TN-KY",TN,South,344003,0.37996820523974345,6.6827866411544035,3.6970025691389385,1.5698787047127343,3.11913867024862,9.329262568965246,1.4165139941676,8.771142944695665,12.712276404314288,1.6330033629689262
"Cleveland, OH",OH,Midwest,2171877,0.477317592765675,30.648849014050437,22.151889777009416,22.97313751910534,26.7853791382052,29.46158979879011,23.786361972042478,24.275839219100526,26.229250324543717,24.14301992506621
"Cleveland, TN",TN,South,132120,0.41510316984134643,6.280034925195867,3.28152162598093,1.7493266835706698,4.148263393956335,13.573430741785247,0.6984951323646277,5.381937611125016,16.516342703484924,1.9527624778182051
"Coeur d'Alene, ID",ID,West,188323,0.47264789738394225,53.79406690629677,57.359941484645695,45.02734138088691,47.867643817138514,50.67650324473666,46.53696639467236,50.256636982482206,53.2514917229045,45.82904972108318
"College Station-Bryan, TX",TX,South,288771,0.4311265415667199,8.338654102227725,9.041169190561133,5.16844366322388,6.769036815534163,14.434768646150948,6.73095797582979,15.013712575960797,14.10128779420068,6.185593602216119
"Colorado Springs, CO",CO,West,777635,0.4498503016755848,43.53632950011623,38.823951960349675,38.37018860869455,40.6169367616907,56.743424638378,42.1638594358099,40.1205936259457,40.61435875391267,38.11372959478771
"Columbia, MO",MO,Midwest,217988,0.49492246267414336,68.20414009664002,56.64981138306781,54.13530080589021,62.877766856453896,64.11039453615413,54.3423708773939,58.83536378366608,61.65349929556388,54.73558012449167
"Columbia, SC",SC,South,871176,0.4365819889276085,16.88846163172144,12.227740632632287,10.962464906510466,16.36954204188101,21.326548397105675,12.468380050104125,14.182464554289787,19.21118680162457,11.115478570925438
"Columbus, GA-AL",GA,South,328206,0.38684367893134664,15.058757002649454,8.089911851985427,7.007525142843868,17.47202730761363,16.374104581608727,6.9862417031199024,12.909503012107997,16.17796902961557,7.345459993560802
"Columbus, IN",IN,Midwest,84741,0.4824739998280606,56.525066153297544,52.639841207614815,50.508510486088795,54.19816044456639,55.96050805531549,52.972098852634154,52.561448374252265,56.05564832690194,50.08449391087794
"Columbus, OH",OH,Midwest,2225377,0.4752513273679142,35.332382346853784,28.779286233527614,28.10569591420541,33.414054492194,34.27767236346296,30.20808555747203,30.63639563230162,30.29559860832786,28.822786603339377
"Corpus Christi, TX",TX,South,448853,0.43605115404232564,15.08237311632579,13.151105206859231,4.550787931371598,9.533326717373045,12.602841169582263,6.8416881320059675,13.962367572251635,12.69942774395926,4.565949599628262
"Corvallis, OR",OR,West,98899,0.4259783463990825,20.515134315345684,8.39166837285009,9.008296896328961,8.815869053600869,17.701194558054695,11.489508600898976,14.061630172516182,12.847433419892548,8.678917817200558
"Crestview-Fort Walton Beach-Destin, FL",FL,South,310149,0.444946738014789,16.536905081193883,16.88186057856096,9.902367802159317,14.09293553408143,21.90883557439308,16.81001898853119,23.607325279897218,28.216315475983865,10.73213083374709
"Dallas-Fort Worth-Arlington, TX",TX,South,8344032,0.4802906134693367,58.8206668898694,56.96527153029446,54.90506204623081,61.210442643654694,60.34002437849133,58.82204110446373,57.221308797950165,56.87368764297126,57.16735010775138
"Dalton, GA",GA,South,146386,0.41130691864873614,6.930006805299651,6.301145184361577,5.318387522289777,7.824244952983483,9.898971546727331,6.922853226525702,7.377525682073924,12.992741134301088,5.584650624657378
"Daphne-Fairhope-Foley, AL",AL,South,261608,0.4631722629702996,10.814618495212978,13.635471134541591,7.529163371394853,10.677332109362252,17.874168825183627,8.187397672163597,17.78959151704945,25.420042357498414,7.530969564146633
"Davenport-Moline-Rock Island, IA-IL",IA,Midwest,381415,0.47786741706600416,39.44228110556336,35.324074854692235,32.503425435073325,37.29960807219888,40.73868304276134,32.78314342394129,37.4156345659792,39.88211967890965,32.925521811128206
"Dayton-Kettering-Beavercreek, OH",OH,Midwest,821740,0.43237732450268485,19.438100865483232,9.594022095308349,10.562201644007805,11.604721021744629,17.333671735541863,11.791063773879596,12.636163083510185,14.102462334382004,10.94748841443268
"Decatur, AL",AL,South,159651,0.45605775536796056,15.959823641080323,19.977643742462206,11.01428647535043,15.35237876012724,19.86473432843696,13.650694051871032,13.427312545901545,20.244728265287044,11.668117594889404
"Decatur, IL",IL,Midwest,100737,0.44164810938548954,44.53562748745921,38.76961746002742,35.25132333592715,38.19678563109858,46.20830065771522,35.52556714044005,38.71737328101854,40.3917980069202,35.04450751638944
"Deltona-Daytona Beach-Ormond Beach, FL",FL,South,739516,0.3914391821197325,10.66253546362468,8.548246168920425,4.270448725793652,5.376127805807364,12.238185971190022,4.507950879749973,10.067687988146593,15.586444152508458,3.5406865396213023
"Denver-Aurora-Centennial, CO",CO,West,3050512,0.5249336115766559,77.14995799828985,75.90894917345942,74.29474675238097,78.63377416760812,79.96058704697965,78.70405765404811,74.51124631888749,73.84842322705292,78.23768257977554
"Des Moines-West Des Moines, IA",IA,Midwest,753913,0.5438334659837256,72.26654807838311,71.21911042855545,67.86961445163884,82.9002073341202,75.83169565996872,70.28103159430303,69.46975165917463,72.90667255366654,70.19949821289875
"Detroit-Warren-Dearborn, MI",MI,Midwest,4400578,0.43017703259932843,21.93718757134915,15.248299607936563,13.876767637555437,17.881160453711566,21.51857268273058,19.92224713260751,16.36033213448073,19.015646772632564,15.293797830261143
"Dothan, AL",AL,South,154766,0.4510199003130981,17.969142852393492,9.822635460703976,7.722030291626434,12.585780440238233,18.69234411590341,8.338276917896547,14.254766720160482,23.371469200918348,8.70259788194981
"Dover, DE",DE,South,192690,0.4791687875743719,46.465694459942966,38.05077979026126,38.22090306938546,40.00993241062598,43.645818578077936,42.28457381643952,41.53085994263049,49.84578903699139,48.48690814787101
"Dubuque, IA",IA,Midwest,99242,0.5555408998364277,74.98614808780214,69.06280450335811,69.10943808304243,76.1510798680507,75.24564896796228,66.6733081832122,69.06793635765442,75.46334808231944,70.02706384661226
"Duluth, MN-WI",MN,Midwest,281815,0.47128131482350466,56.86850015361416,45.42785872186855,41.8747698925814,45.08878678311599,53.826603118905126,41.78612797137625,47.59587761117826,51.83460567839715,42.64029577426031
"Durham-Chapel Hill, NC",NC,South,620522,0.4907960290661043,75.97758072203086,67.91747425352854,73.92381565068251,69.86453780276146,74.66407922980322,75.7954505415693,69.12738840424232,67.32999715900107,70.87911286294563
"Eagle Pass, TX",TX,South,58829,0.28796192671515775,18.682705309257884,0.1254514225505189,0.7531226180558314,4.7304102079593795,0.6312447725828751,0.9300435939690538,5.012499768506444,16.456860754965728,2.1521442853220543
"Eau Claire, WI",WI,Midwest,176153,0.48985090789332975,45.57854287220022,37.02084903031738,34.71734417844875,38.53092817592454,43.151336689542,33.58848731279668,38.38625274160135,44.62006179963141,36.2908628143186
"El Centro, CA",CA,West,181724,0.19240782450928418,8.556474833987018,3.3602172215958617,0.8562372245850797,1.9112548340384294,5.214163784678993,1.179458616362148,5.036309444672021,19.07806099093534,1.3397522186668673
"El Paso, TX",TX,South,877840,0.40088110597252313,11.254475622521829,4.010095418826391,1.8908502454340719,4.796635709989512,5.684106064871712,2.727203970048592,9.452688478616539,10.05279345237853,4.428424024662307
"Elizabethtown, KY",KY,South,127744,0.36965053347202675,15.013748144818024,5.491931884068793,3.0859720451996857,6.742973115702171,11.90638235657925,4.04834097333367,9.770774761838732,17.379077096096175,6.733775786940894
"Elkhart-Goshen, IN",IN,Midwest,207436,0.42558741974743075,48.16926238203696,48.43943119371128,47.61005741795853,48.475304679517585,55.97339204057854,46.49129032372856,47.68526232295317,50.27707345141296,46.096931687051764
"Elmira, NY",NY,Northeast,81115,0.38370309495713745,14.865461773644146,8.932659237900689,6.082025179449321,8.144524221023069,15.049274151588207,6.269293741251607,12.004403548209366,20.666611851530003,8.407359660025406
"Enid, OK",OK,South,62007,0.49574986852725705,53.27598743039705,47.922190707998745,43.230612341323734,50.18212445876249,54.23114003242067,44.78236891979615,47.60517360995133,57.424324176642436,44.785868714115345
"Erie, PA",PA,Northeast,267750,0.4241293010485462,16.731109493784977,2.8432700174940666,4.494499699749696,7.0933711492261855,14.26266314440652,2.325839221954041,6.580400350563884,10.081106988526294,3.684080767278055
"Eugene-Springfield, OR",OR,West,382396,0.4247429895532674,17.58117676172883,10.128989846555367,6.779759029282656,8.439232565262452,14.215691070519004,7.260259079359911,11.61533374068544,16.271239468063943,6.946410494477013
"Evansville, IN",IN,Midwest,271793,0.45854045059675413,61.622842464388015,55.507353135920845,50.282086742276434,54.94094681609255,61.16189345816948,51.11190985386711,53.00418101585542,55.34827901169754,50.19539799738304
"Fairbanks-College, AK",AK,West,94951,0.49651981046549754,50.18473396477944,45.98403564392325,41.21606829378573,39.216328350050425,52.50090411934345,41.02814355102401,47.44150539278369,50.77436655763828,40.886108577097616
"Fargo, ND-MN",ND,Midwest,267793,0.5315457617920456,76.76199718715998,72.4845219031981,66.4510870638441,75.80827960596012,75.52089125216979,68.4049243741587,68.68148188843882,71.72638292997408,68.41748034085057
"Farmington, NM",NM,West,120817,0.45626608077774594,22.243027249100642,16.380855105108242,11.355444928339589,12.636164728335094,22.562123667882574,11.940667685096066,17.076607693924412,24.833246622849735,10.889177455305585
"Fayetteville, NC",NC,South,393812,0.334115161322319,11.847133378006363,4.659230150496446,2.7914756755306303,1.7492895588900523,11.630582851717882,3.203309706146566,9.808342118516315,13.982567237310361,2.0048347617257645
"Fayetteville-Springdale-Rogers, AR",AR,South,605547,0.5447101567839068,63.879100336888584,63.59625616959932,60.05614178136973,62.317324953036014,65.78173706919428,62.41855304164089,63.3271955029174,64.36297519287356,61.03712517347182
"Flagstaff, AZ",AZ,West,145161,0.39496945288857077,11.833169721884278,7.18296130121701,4.340098733989303,3.7978144358609778,13.493158383552489,4.261610079824087,25.708933230822705,15.269947255235165,5.910699678315283
"Flint, MI",MI,Midwest,402279,0.34604360836826126,14.724691622936584,5.086717929486739,2.330065857954902,4.428460153274699,13.16649197816511,2.719404220926772,6.4386917240687875,12.902866197779083,2.1753630561470567
"Florence, SC",SC,South,200474,0.39127675790520083,23.248976428029973,8.778337190792666,9.90278591410227,14.458855892090877,18.943564100061053,9.822648017874194,15.08384288618328,22.444825757587957,9.382408781005447
"Florence-Muscle Shoals, AL",AL,South,156287,0.4399055493570493,10.125198945280458,8.008988890936374,1.1552138871796849,8.102844972080616,13.452213020711909,1.7007110986613394,7.7491091752682015,15.648853657194442,2.5593642354414627
"Fond du Lac, WI",WI,Midwest,104269,0.46932321899742063,26.198248815038305,28.014925772551734,20.945623975022702,25.25666181076105,32.01238374405263,21.20385210744908,25.009292900664338,28.801512189258528,23.060599139369607
"Fort Collins-Loveland, CO",CO,West,374574,0.4975038093211253,64.70130244785949,63.13896247956112,59.388505940656586,61.222055515195514,68.27540280838049,63.05985875746166,64.0378920763523,66.29930932361083,60.17309072091801
"Fort Smith, AR-OK",AR,South,232848,0.4470343522929545,21.54339445085896,14.749930003864467,11.039288129979774,15.634663869152767,17.982647130920437,11.918202853021551,15.927856801851242,21.333297455350998,13.529012185405765
"Fort Wayne, IN",IN,Midwest,462978,0.46421419866787716,28.062892204048417,22.153077734560707,18.974516786929573,23.744138581200534,31.133013435836222,18.854107530217266,20.667334402129008,23.794211704310282,18.67110233483393
"Fresno, CA",CA,West,1189557,0.3497318927289236,10.95878670935578,6.451875666640527,2.9211756214547226,3.627904666825496,9.270315729044045,2.870211315314456,5.730634567516681,7.551014153419086,2.2149146703364755
"Gadsden, AL",AL,South,103207,0.365578684722655,15.13504525105446,2.6078806390095277,0.7427761525696497,6.689643289437526,14.002841216286486,1.5741469999334325,7.401545594281635,16.105698238533506,1.8899289363296041
"Gainesville, FL",FL,South,360881,0.37893914288023145,23.20181122910174,12.999883693486709,11.035918579075615,10.449975644747287,19.194713060795902,12.205400870532205,14.985348351869371,18.279407485491618,10.83820008053175
"Gainesville, GA",GA,South,221745,0.49991863763399613,40.74406656408327,35.47085448121952,32.25515283476886,35.69151614823545,39.0504553981915,32.6099954489775,32.839570005814295,37.11373076798208,32.108685110668
"Gettysburg, PA",PA,Northeast,107914,0.43970444833578004,5.524504510447971,5.492495029516819,4.560911167272736,0.6561386285968209,15.151455091569717,1.7463337178204954,8.882386719773665,9.181431235918465,1.6370387454718613
"Glens Falls, NY",NY,Northeast,125127,0.4193476595073879,21.850341000483624,16.262695738831745,10.697132485229915,13.916712689308492,23.583688201898877,12.001772747820482,23.366474951972233,28.76185217058813,15.144714951946126
"Goldsboro, NC",NC,South,120338,0.357056444551481,10.709324422810916,5.774242507128365,3.7491769882574655,4.285809584118721,13.954953461930003,1.0728051265014986,8.376061650827655,16.604913758151092,1.0684279568335815
"Grand Forks, ND-MN",ND,Midwest,104184,0.5212790169658763,51.43072793586736,43.95084345832183,37.97666009747101,43.66464487859027,48.95269895117508,39.12062875614377,44.92145392779282,51.438748751974295,41.126571272730295
"Grand Island, NE",NE,Midwest,77278,0.4958900810272713,63.67242270943727,61.22475672348111,56.18463206436177,63.114117931581625,68.74511616436672,55.386622612800615,59.20971477245926,67.20159975688446,56.7142706768789
"Grand Junction, CO",CO,West,161260,0.479900896211029,62.219951613772004,58.371068962014014,49.57131745616025,53.54586695624381,60.59535056744617,51.6294801803855,54.27823977532744,60.758536998123816,50.275016879362745
"Grand Rapids-Wyoming-Kentwood, MI",MI,Midwest,1178826,0.4816831472055968,16.817248687231217,15.49711315123734,13.83299116723357,16.42903243906711,22.354454608235386,13.849907277370713,13.572263206945864,15.904246894560886,13.112375976576422
"Grants Pass, OR",OR,West,88276,0.33240042996620317,17.661036415804084,7.095350109417797,3.6076694947436483,4.187494460354104,6.9265530257758074,2.466777430917355,10.817668489298098,17.429787603043476,3.4713396339849205
"Great Falls, MT",MT,West,84523,0.42219599634293437,36.59328378605912,24.331997036602733,20.023222337756636,26.40768317182293,32.01703018427947,20.960860887098733,28.442085357172274,32.566740121263514,20.627737216977593
"Greeley, CO",CO,West,369745,0.5210559755483877,49.72499109485692,66.52236117206087,48.99942213402564,50.19865608333999,55.18208190996277,50.08767533865369,50.02724467319047,51.27659937825511,47.77547908839808
"Green Bay, WI",WI,Midwest,334697,0.5187089100908481,56.23271244447017,53.45158474585882,50.14268020866195,55.51907559850658,55.16218490165902,50.17149514629754,52.4689018232237,54.83887746375425,49.946173405070915
"Greensboro-High Point, NC",NC,South,800722,0.4481536262781329,12.982162594700911,11.93214503683359,9.547541489089244,12.387420907273928,16.448290449435664,10.141335175504892,12.423377577133818,14.962982633433503,9.613285945947093
"Greenville, NC",NC,South,180783,0.39676524052992385,19.155567553972038,6.926190520331405,5.338256582602086,7.455713737663191,11.810649948102753,5.276596920436524,11.786402844453372,15.582745460568942,7.297435316937522
"Greenville-Anderson-Greer, SC",SC,South,996680,0.4583556887973918,17.33900760803295,16.055994524295897,14.958424330242654,18.6328666890295,24.28044731714362,17.42479739922173,18.228653095679228,20.986267049121683,14.796148850640265
"Gulfport-Biloxi, MS",MS,South,426793,0.40142665842657277,8.781817613077084,3.820108918401604,1.5339074076525065,6.054263805306239,7.4141357783628665,2.728847064014357,14.998383571624752,12.912369978736388,2.8627216900689993
"Hagerstown-Martinsburg, MD-WV",MD,South,312992,0.4335886933153181,10.355267037197445,4.409006166210505,1.6848602568513873,3.8614067979374416,11.10051820205722,1.7075161188544512,5.410293767637525,11.209783667753422,4.679259265176273
"Hammond, LA",LA,South,139823,0.3974122682333321,13.220930869126816,2.9232017251657156,2.9034055531298795,6.275005810455782,10.671979965314462,2.3358044838354814,8.96772350200285,14.481375653269371,1.8845300514478924
"Hanford-Corcoran, CA",CA,West,154913,0.2784084808442803,7.3476814340384315,2.590044013976199,0.9263963350384272,0.37045948650480814,2.3140441300183547,2.0262662067600083,7.614715773818406,10.989464870543753,0.7449866229926916
"Harrisburg-Carlisle, PA",PA,Northeast,615361,0.4603345244061793,26.143164113501104,17.18533602341836,17.50357277478533,20.449656954105176,28.984830915870063,18.12543410810525,17.88951078251852,22.316221474244614,16.628137141311107
"Harrisonburg, VA",VA,South,138838,0.44651602383265504,10.993214258949271,13.142292724145092,8.876420179049195,10.291478193044417,19.63929607801134,6.906657284252908,13.728227426972522,17.903624837083647,7.244711760600469
"Hartford-West Hartford-East Hartford, CT",CT,Northeast,1169048,0.4862587502488865,61.622346420478635,52.422874870189084,52.686895565065264,61.92624763518945,60.40425178868614,53.427461432119664,53.884115910236716,56.53330936577364,52.19328202651749
"Hattiesburg, MS",MS,South,156411,0.4448744618964069,13.811816403202334,3.469308091880246,2.3985833367383242,8.254515503108715,9.435878716718268,3.088602343822976,9.343397252254485,17.064423380573135,2.7753667296981566
"Helena, MT",MT,West,96327,0.5411058669586065,66.57349198480232,62.70924580100659,56.05805750494876,58.518394572433806,71.17762823961382,56.90695445148356,59.27225085350085,62.55479020298025,55.64782786070145
"Hickory-Lenoir-Morganton, NC",NC,South,373031,0.4331467789867752,12.317002392634906,7.842573173259153,5.571358884322393,8.768629960123626,17.19457526867413,6.468709434946214,9.645644217797585,14.647100401285632,6.577319829746503
"Hilton Head Island-Bluffton-Port Royal, SC",SC,South,237393,0.4556283520060266,17.884083116348975,20.28137670316284,13.839354025400366,15.53914576054129,27.349394782383886,15.31140314736017,25.098835787115053,29.528991935253234,12.252461506847045
"Hinesville, GA",GA,South,89657,0.33085266175877265,6.1091393849599775,0.7454150090808185,1.1688646089944883,1.0242010307813845,5.7184242888306285,1.131725698659499,7.560317941900377,11.739200133409524,1.0051365733333675
"Homosassa Springs, FL",FL,South,170174,0.33158912662341394,19.21210367523184,8.61924013248828,0.48377088356424924,3.464073822479071,13.44062680077964,2.0248048952486517,4.446357571929725,16.71259924969335,2.064363614685332
"Hot Springs, AR",AR,South,99902,0.4404055492305034,30.28028704631018,17.768311170249174,12.89316829094276,19.175272111778714,23.60169043976163,13.541404265800988,23.507956512024514,28.9532307169212,13.398153589077943
"Houma-Bayou Cane-Thibodaux, LA",LA,South,199206,0.49553732981503607,59.094291327009564,57.97039918562076,52.71728877217863,58.03619516421873,59.96559177898286,54.642177986365915,56.18508057436266,63.72390928237769,51.9320188197357
"Houston-Pasadena-The Woodlands, TX",TX,South,7796182,0.47016424444745786,32.66811593037352,32.266448148208916,28.470416796378707,30.768421954111414,34.2611635944768,31.951276648573078,31.32731903113639,31.275055635024902,28.115849987650897
"Huntington-Ashland, WV-KY-OH",WV,South,366760,0.3930987519318051,18.365648467968086,8.749726463109356,2.9519699507196724,6.737218466932256,11.946719346458561,4.524321311669388,8.761295873030255,15.111205587675574,6.367334936728566
"Huntsville, AL",AL,South,542297,0.4803536709936765,63.5180689232568,58.77099759800642,57.756765950980636,59.64944001748884,64.27356068286754,70.60275770616487,60.25256354472101,63.7438693977476,60.11039404957285
"Idaho Falls, ID",ID,West,171773,0.48603583413051743,79.92127552451915,73.33164627310424,66.58418911521359,70.05969271740983,67.5195666205153,75.25090018908934,68.58097539058836,74.83786986800797,65.17827185951411
"Indianapolis-Carmel-Greenwood, IN",IN,Midwest,2173288,0.4852189650490545,58.294307268387236,53.91208169395091,51.78811350946169,56.22651595197606,60.523607851876484,54.53973513964557,53.789654531589235,54.853333196688936,52.293977151691465
"Iowa City, IA",IA,Midwest,182711,0.47463271180376154,28.202006484617172,12.817478723197546,11.39423955251485,13.37096787955088,16.431157947270265,10.769109146194372,17.416751717713275,19.289390323327734,10.84998302371958
"Ithaca, NY",NY,Northeast,105602,0.37563410884079157,8.310003956056965,1.0583831312675265,23.2419362124562,2.820385971346994,6.680415090307899,4.829069287811926,6.916453200034042,4.461037645066393,7.020009652418461
"Jackson, MI",MI,Midwest,160233,0.4039961822335827,11.577777635880077,3.654018352651093,1.912640943470979,4.0599140391367605,8.89956622838706,2.4250393762617426,4.298544129793782,10.803039486516942,1.9137133259269368
"Jackson, MS",MS,South,605803,0.4647219054300591,17.682553282874235,9.272336616379897,8.287796988508786,15.06193576788101,17.302319214191865,9.289133808205868,11.944895073962423,16.418557634252174,9.631854921742933
"Jackson, TN",TN,South,183680,0.42653677959255953,15.142969384697311,8.720958518166771,4.695497287442151,8.78881239351169,14.92334408942898,3.457513930304864,7.883647793001848,14.838743256662356,4.998714232760544
"Jacksonville, FL",FL,South,1760548,0.4543128105090466,56.13412875099185,54.909387719356275,51.10793253708088,56.55878131036132,58.45577211799231,52.98484013590665,53.43342643035472,55.923544008225655,52.23297356596471
"Jacksonville, NC",NC,South,212954,0.36059561033821264,5.729396754714159,6.312554979411638,1.9639218408020787,1.757266658456773,10.471112588794734,2.3519413117526846,13.795249414860852,18.081776528509444,1.3240042242544101
"Janesville-Beloit, WI",WI,Midwest,165461,0.44637939758513473,11.22229523707579,9.21688227006811,7.2670279309584584,8.489942160769248,13.1001195205511,6.031808360902766,10.978852087267477,15.562524960814086,8.317191919781546
"Jefferson City, MO",MO,Midwest,152832,0.4887792064374241,58.0010196120208,58.08876371397661,52.53917031045393,58.744325635736274,65.80598315793667,52.31752153168148,53.73371457957157,59.51563987637806,58.06507075986518
"Johnson City, TN",TN,South,215679,0.3815950682580606,15.143913117353055,5.98132439329272,4.687634035882347,9.501970045774813,13.974584969101064,3.8408003938841846,11.04295771102699,16.2363285235525,5.570287731632563
"Johnstown, PA",PA,Northeast,130108,0.40618555897677255,17.671268201676185,2.6673181378520656,4.502079829278964,7.638486128736656,20.547795656399217,2.498392008710344,5.988265135751275,13.106424435191535,6.549454635043353
"Jonesboro, AR",AR,South,138152,0.4309424374497071,23.194847701317663,12.819492508893966,9.579929952888328,12.96142441884634,15.316571026478343,10.03487773379766,14.479220227950846,20.995976893208056,10.757842252424501
"Joplin, MO-KS",MO,Midwest,207131,0.44525223453070106,17.146816801332836,11.87161293997088,8.39708735931599,13.37368473088639,20.80928256578266,9.192166735270682,13.179146265438735,20.300499097382673,10.71339172918787
"Kahului-Wailuku, HI",HI,West,163769,0.4534369422259011,7.230755402471437,7.318922707525697,7.398090702468897,3.301392246498048,15.443324228458266,4.057305000652627,26.059620914437104,16.71883724158709,4.091855477365904
"Kalamazoo-Portage, MI",MI,Midwest,264780,0.4283801620136369,20.82353840022088,13.93296453073157,13.272488045953368,17.029797265481285,20.64388240844866,13.547464478726878,15.846035425000204,18.65239944775495,11.22147776516493
"Kankakee, IL",IL,Midwest,106410,0.4031504597066913,18.06773195722901,7.285469024570837,7.5906122760174926,8.72358246111833,14.480388361700792,5.953318378271776,12.122313867319692,18.3561438770744,6.691869828000799
"Kansas City, MO-KS",MO,Midwest,2254288,0.5176945153192579,71.78794607487103,68.84114328567308,65.57828031605082,72.65056339782647,74.13666563705196,69.78775675265304,67.19107031023083,68.88646354044823,67.50738500415942
"Kennewick-Richland, WA",WA,West,319428,0.4436915628585767,16.14721156505255,20.102656172418286,8.896488306346805,9.504410315205714,15.263341362470017,12.656757583545241,12.632292175252502,16.117226875462105,8.771575131678157
"Kenosha, WI",WI,Midwest,168754,0.4244747953318085,7.849959315038547,2.741097404291279,3.771527933568644,2.0327165540740535,7.812545557888403,1.9298872279227652,6.7193796912251065,16.275230828169022,0.4676074003455966
"Killeen-Temple, TX",TX,South,509487,0.3914566785775105,11.214203217072686,5.25133649055257,2.1031766637846236,3.7862845121107993,10.887561816571504,1.8225357345828883,7.913161621702559,10.600069016361752,3.094577735327406
"Kingsport-Bristol, TN-VA",TN,South,314259,0.41634297055889924,12.842127600469539,8.919808196247079,5.54008167280228,9.330151263174136,17.762905297244647,5.557435948019967,11.476281904185567,17.810290266216583,6.236513183211372
"Kingston, NY",NY,Northeast,182977,0.46134703655571035,13.622340251823555,10.400734882817126,8.62755804779013,6.491758630329756,15.45030274510455,6.97155030702407,17.998989645391774,19.792328942908696,9.136954931371008
"Kiryas Joel-Poughkeepsie-Newburgh, NY",NY,Northeast,711730,0.4273948935392175,15.082122711076396,9.809331421964016,9.258357270591459,6.287282671217892,15.280989119881,6.79627721284414,10.196867163808825,17.245344697034845,6.5889188313150315
"Knoxville, TN",TN,South,957376,0.4567566690468422,15.058557581238919,13.343433548995897,9.952649679127045,13.868337423429288,18.740792123415442,12.897660197431296,13.438916301859061,17.286713306687286,11.439023691212725
"Kokomo, IN",IN,Midwest,84082,0.33511974575855796,16.73290981409667,7.779277218945769,6.4360011850994825,10.94611163549137,21.054214777893566,5.913783628702012,14.19216796361929,18.79607841035488,6.281047999641665
"La Crosse-Onalaska, WI-MN",WI,Midwest,170763,0.5084747841879639,46.736026075085014,40.33398223357528,39.47430120568337,43.496259107173785,48.52484452341505,37.18307311088119,42.60748223347498,46.03384557330924,40.34914635239299
"Lafayette, LA",LA,South,419704,0.4837174978272566,69.18594203174851,60.941048988218824,56.85023426548218,61.98983700439052,62.89966695235574,60.72587895900633,60.875905047914905,66.64941175361305,57.00915835712872
"Lafayette-West Lafayette, IN",IN,Midwest,231353,0.413053499435173,11.786871102459372,6.848025350383595,4.010768187581278,6.955537732877934,15.413732885069345,5.6932380595706,10.852182817957715,10.042436397923376,4.583120104553112
"Lake Charles, LA",LA,South,243719,0.4615152214346199,13.39084010980841,9.674093354382698,4.350378036102321,8.389127602612682,12.034801075685055,7.3985041570361805,11.473485308617166,16.014131418884425,4.5449273078066454
"Lake Havasu City-Kingman, AZ",AZ,West,226479,0.3493622848675763,10.424985199087523,10.533129381059531,0.9194046026539952,2.9744436303696355,10.09328985229141,1.3759830411377345,9.411707545408902,19.419657073117712,2.423433696537971
"Lakeland-Winter Haven, FL",FL,South,852878,0.3873537013543763,4.9807926885514,6.654233206751916,2.6380370392883514,5.059357071251969,7.995077561936252,2.6597952348251783,2.6735687944563726,9.41299212533134,2.1189981011401255
"Lancaster, PA",PA,Northeast,563293,0.47134221024850653,17.55939552887849,19.269814277366,11.783219570873712,12.850526064775107,24.967998542434046,12.594521329564628,12.194210777577108,18.98632461245369,10.88304008132895
"Lansing-East Lansing, MI",MI,Midwest,479971,0.4193461131303848,14.22443636266732,8.972077330286126,7.897366771887978,15.126239254536635,21.849572188742798,8.987476269431745,10.399284555104806,13.26915481652439,9.724906790968042
"Laredo, TX",TX,South,272823,0.3319069633233132,10.743064880860171,0.8867326672552477,1.1381481973712886,4.755383132290537,4.028029678868635,2.058890482530992,6.3274595339243636,12.422730141654004,1.600149939765318
"Las Cruces, NM",NM,West,229366,0.3620714152022714,17.590001913277796,6.383830945157368,1.8328234743639882,4.2798850579246634,5.607849332984102,3.504681846369811,6.856861417692938,10.11671178631853,1.9118991293149195
"Las Vegas-Henderson-North Las Vegas, NV",NV,West,2398871,0.40869309939124354,7.396916591736323,7.626410665815995,3.554591024410169,6.2831259682370675,5.57393097659501,6.062370101034341,18.12533597449297,8.342336000691649,4.8049186042004735
"Lawrence, KS",KS,Midwest,121989,0.4465512956176489,17.788578334619544,13.38056698293643,12.989548004123339,14.926490949186094,21.322117051555974,12.976533772903897,21.996727835174866,20.090259141439155,11.567428583970251
"Lawton, OK",OK,South,126503,0.3860986507747851,9.837902574111604,3.270641716044281,1.3670204243520905,6.013190497520267,10.203492571769567,2.6343784675387307,12.517261433459428,13.86375819649378,3.336788274555462
"Lebanon, PA",PA,Northeast,145319,0.43557072032187605,8.837450881331767,3.835300028480604,2.621764263563478,1.843049799740125,14.716693658606541,1.667943301901571,2.8809992611500395,9.896734308260353,2.3735483923401985
"Lewiston, ID-WA",ID,West,65370,0.4938441906323378,56.80448273362037,48.9528177886524,43.253811533919816,50.207119989890124,51.40076108648229,43.617585906282834,48.647705398733684,54.072488179238796,46.040433976069025
"Lewiston-Auburn, ME",ME,Northeast,115272,0.43140690533167303,34.36226350937074,27.189866904192307,23.366839906173553,25.40522736467603,26.785601716942313,21.34002454658929,23.9528927888043,31.047150047096633,21.204217132944876
"Lexington Park, MD",MD,South,211382,0.5055531881094717,22.291750607125678,25.213490616000218,19.880718897946934,17.541749861508848,28.68787671434452,31.42508536976556,23.497401779178634,27.575106815907542,17.863619428672912
"Lexington-Fayette, KY",KY,South,533366,0.4657400011257216,51.43444589883411,44.322273057275936,41.9966650106233,44.64333442196579,50.01296568881265,44.238996371493386,45.53308980719917,46.977721451193226,42.987801674006356
"Lima, OH",OH,Midwest,100866,0.4407547004509507,12.271050902749504,4.159186552037466,3.985539416167627,4.913695363307379,15.739596689293272,1.7737052007012661,6.733381862834308,10.901663581779376,3.536898859688024
"Lincoln, NE",NE,Midwest,351919,0.4910594790878912,76.56838211145889,73.15387418208978,69.83141169614908,80.07705988106136,79.62270952297403,69.64367873579559,70.5392475339043,72.46656853165236,72.33048859655517
"Little Rock-North Little Rock-Conway, AR",AR,South,770959,0.4678925296027777,52.94789663881039,44.12443545488504,41.6279980520383,48.71232152474028,51.406731263770645,42.564508291743365,43.96876785229997,48.24375130157453,43.496831827447444
"Logan, UT-ID",UT,West,160053,0.4750507826844347,73.55085016487077,73.56665936236958,67.32925023433269,69.88879882630579,67.9247034297583,73.36542505691868,65.95379305577016,76.01676834356665,68.54578948551972
"Longview, TX",TX,South,295490,0.47875069133285436,38.770706409460914,38.25963273349646,33.71654431605057,39.52438674166087,46.327613689033164,35.352491546514955,37.59186724595631,43.09205793745671,34.53924485469833
"Longview-Kelso, WA",WA,West,113982,0.43419816814027845,10.413330876673058,11.519897886323893,4.4779268311211,5.313244458325594,12.3811868502991,4.096390614131687,8.225741215582982,14.310720827184472,4.434308770202898
"Los Angeles-Long Beach-Anaheim, CA",CA,West,12927614,0.46476790785062283,29.523945114569415,20.269009543215745,22.911824300706346,23.623164601931414,27.21541784607433,25.808294889742246,24.414615290040807,22.59929534095009,32.030591906041785
"Louisville/Jefferson County, KY-IN",KY,South,1396762,0.46293856312468923,58.766412301815116,53.91149279066209,51.48726440311895,57.64272553378406,59.47633694856077,53.00629350679033,53.95546416347494,56.53004938785256,52.68481854380518
"Lubbock, TX",TX,South,367530,0.4604413938849626,32.304925010278794,26.456753460940597,22.23778349067924,28.512062637604625,34.34046107754128,23.24971191735216,29.10790032696274,32.59609668564693,24.88112121985576
"Lynchburg, VA",VA,South,267427,0.44920862359909264,12.553747585990378,11.836536448178448,12.17919659580484,10.541096483999594,20.41030573277697,8.266994096430965,10.254183876583598,15.616447283990635,7.218822928971363
"Macon-Bibb County, GA",GA,South,236551,0.40050684761374616,21.544494703961583,10.125565517696318,11.143692676995858,18.78507222239038,18.49326861090023,10.242972671299109,15.212334229427965,21.7992643098024,10.345262217210225
"Madison, WI",WI,Midwest,707606,0.5383859400847394,74.74140489362232,70.07791047939406,69.18568777008323,74.18214853490126,76.5407297957146,72.46619827206364,70.80829974233814,71.89622188826897,76.02737236704583
"Manchester-Nashua, NH",NH,Northeast,430462,0.5152525320891265,67.20324753156535,63.83338446681026,62.73941010094754,65.0370573123585,68.78247318294595,64.40207208131514,62.26478239741129,69.55898877553345,64.98707863241138
"Manhattan, KS",KS,Midwest,134892,0.443724181266001,14.298285004413474,10.96897078179852,7.348018919766913,11.736546494999,21.852234338327285,7.862998079269379,14.41252740876936,17.530492965992583,10.63636352108549
"Mankato, MN",MN,Midwest,105193,0.4811209201517157,51.215464314576906,38.600564000993344,36.820394001689,40.64478648396231,45.21517700104197,35.75999848090233,39.58688748504681,46.20747339533469,36.286325481879445
"Mansfield, OH",OH,Midwest,124853,0.412374535176712,9.664258464977298,4.984914124081027,1.8099304663641211,4.86691811144342,14.3577769386062,1.5936412121762857,6.907977144412572,13.042078720264447,3.5203022207339085
"McAllen-Edinburg-Mission, TX",TX,South,914820,0.329332668720406,20.85218634174658,1.4617300833368876,2.3570099907176947,4.63788664658858,2.112101723984752,1.9297419781363754,4.92119929600918,11.99555002766517,2.2160424257573452
"Medford, OR",OR,West,221331,0.4478689894015301,32.976864164641945,26.479499122445194,22.341756679780403,23.29748562199639,25.96390511685024,20.70904566724891,26.443693433552017,32.44834479401738,23.656325073936216
"Memphis, TN-MS-AR",TN,South,1337653,0.4450497702139293,12.03350637762324,7.7692936485175395,8.079237867897128,10.566880049503197,14.83180238806506,7.298506803165313,10.60910891959404,12.507216207031762,7.0361115240194
"Merced, CA",CA,West,296774,0.2688284648514372,6.162712994296352,6.259206483357528,0.19527951535176394,0.8854750429969216,4.074973916770791,0.3672480853689998,5.366491213630728,11.785749005945906,0.87081554772937
"Miami-Fort Lauderdale-West Palm Beach, FL",FL,South,6457988,0.4168214423036828,26.226955743598566,19.261351938318192,19.279997522121555,23.86050676847052,25.331265769254163,24.54622782685959,20.46908491690291,24.845958521984663,19.663964858163475
"Michigan City-La Porte, IN",IN,Midwest,111348,0.40691509318295593,8.918533244737464,5.656321985257189,1.510808686498866,3.3757080295412667,10.48052455641427,1.7182565466208628,9.046191907499002,12.690562262719343,1.813832976928977
"Midland, MI",MI,Midwest,84022,0.4241228547141868,60.12710345000279,48.708372432502,45.203162428937304,47.405539652716335,54.861400233711464,48.184972350007996,47.939149592389604,49.58654978423652,45.09607463564452
"Midland, TX",TX,South,188071,0.6174697802098946,71.11783002510005,75.16709684905962,70.2022009476254,74.69577610744021,79.75459622144065,71.98771870630029,74.30159016189944,73.35366551865997,70.26957438300275
"Milwaukee-Waukesha, WI",WI,Midwest,1574452,0.4874248568899984,66.48048974423624,57.13985788908651,58.43098099639417,62.05838672022396,63.940062620075366,57.721110653126495,58.351028803495296,58.81271406166096,57.497353456589174
"Minneapolis-St. Paul-Bloomington, MN-WI",MN,Midwest,3757952,0.5123083763846605,71.5558943478989,65.39458089609498,64.44137611545835,69.6204035270951,71.75984870499639,66.20038542733745,63.369527816958836,65.06085508938713,65.21574883800199
"Minot, ND",ND,Midwest,75815,0.5598440653696164,74.55643116978172,71.25645049546159,66.88881404985024,73.89405485573769,79.98451822062461,67.047407417224,72.5930901864042,82.56366886081953,66.55300696429694
"Missoula, MT",MT,West,126608,0.5149328310776791,71.72231790997385,64.97798319666481,60.48602061569126,63.42081493615118,72.18128503134355,63.99708554855587,65.27393119733105,70.79475702989461,62.736737055486515
"Mobile, AL",AL,South,412339,0.44506488659202253,10.34816849693839,14.291723539546213,7.179506500392343,11.918894618701165,17.208550058873133,9.673551261671795,9.524476369098934,15.649181691187025,7.8195082706787575
"Modesto, CA",CA,West,556972,0.3583512753522727,10.169555576040965,5.879351502848866,2.004436562347926,3.0820849070752683,10.20590351658545,2.6163858220245118,6.6077245954355615,11.90876009812546,1.3444800505708288
"Monroe, LA",LA,South,222072,0.4367859431688098,27.312586524421363,15.871490246336839,11.75554318128225,19.623087627187946,23.428123673530628,13.610455867752119,14.0749024398032,23.398608994217216,14.769768387375029
"Monroe, MI",MI,Midwest,156045,0.3945991025428074,4.842294101433528,5.097502113875822,0.9522225218163581,2.200543669441726,8.027614425357472,1.9286191556577021,6.303711471862758,10.346619507312706,1.0644009301931767
"Montgomery, AL",AL,South,386587,0.446800222650954,8.762597815269555,4.23234614443741,3.049708975029327,6.580637866620684,15.329967461606078,4.178555366138462,7.222579045154596,11.333805578405547,3.5379998096264216
"Morgantown, WV",WV,South,142752,0.4464653901328609,25.627912883713535,9.040634918409907,6.417090497889111,7.251579830809299,12.411630080177552,8.577213320903798,12.647987201611896,13.334160485517776,7.812471194675361
"Morristown, TN",TN,South,126932,0.383602615732311,5.575910118342076,3.2561896242656125,1.435196892743173,4.011030176651421,9.553570282981424,0.3879711720240668,4.851105312441031,12.202949155713299,1.6640030196063815
"Mount Vernon-Anacortes, WA",WA,West,132736,0.46877029465007114,18.666689121520154,21.101711879484114,11.64758718191033,12.906700494776139,21.5330149974295,11.183345504901284,17.68777963902644,22.38085861739651,10.648410721338575
"Muncie, IN",IN,Midwest,112951,0.3718333617910314,19.447779673114166,6.364613498739099,3.762393701229237,9.467876564607023,15.249191534736429,4.095374598304216,9.859834705867945,15.113646295363242,5.283341689155635
"Muskegon-Norton Shores, MI",MI,Midwest,177428,0.35012863354721707,10.495979956401582,4.308201317969348,1.2825581971314706,2.8446763122140233,10.227088506190809,1.5683515360762794,5.712692685111545,12.464707986037531,1.6486427861106836
"Myrtle Beach-Conway-North Myrtle Beach, SC",SC,South,413391,0.3749815378533149,10.629394847881985,13.309407569010864,6.361249894812085,9.906550702328994,14.477704357551263,7.929753180661728,24.711169538585775,27.809163218268434,7.942475452333782
"Napa, CA",CA,West,132727,0.539827539421865,48.790469453456474,43.55356309949136,41.24242040214281,41.01041670498902,43.362203626075654,41.21876475074482,51.46537472259536,44.759106952571734,39.37227471364356
"Naples-Marco Island, FL",FL,South,416233,0.4758760325494918,51.96712224613593,56.48428504554883,44.99395524191878,50.068220340000025,59.85008806823999,48.21181013822882,52.281872360350924,55.26165352581358,44.30364545692447
"Nashville-Davidson--Murfreesboro--Franklin, TN",TN,South,2151715,0.5324640408851559,54.70778976906785,50.32730623487824,49.145102936585886,53.03804891392301,55.48681104233039,49.71853627721763,52.15359827468562,52.167385272018294,52.08677069269234
"New Haven, CT",CT,Northeast,576718,0.44863847228621684,19.293541478422448,8.135786423748478,15.405815085724722,10.627638035537831,15.944422828609634,9.118128627556255,10.987857776371216,14.745144929794904,8.734919050153211
"New Orleans-Metairie, LA",LA,South,966230,0.4433403862081948,15.667323064695404,11.766788728441794,13.663603020001622,14.12309074867147,18.63511919778487,13.429431056677938,19.582716023794706,15.866588775989477,10.004381725293829
"New York-Newark-Jersey City, NY-NJ",NY,Northeast,19940274,0.46919388071743867,33.33762253041502,23.872567527697882,25.889056839505354,27.307447892940896,34.08482430468005,27.43580934557276,25.865787047475486,26.74430499080947,28.241624219818224
"Niles, MI",MI,Midwest,152703,0.4356903451509512,14.716751541325484,7.944961567967984,7.985462581736029,9.296246981027027,17.69705788405494,8.185096421414666,13.21780514176918,16.20689454306344,7.326516913866274
"North Port-Bradenton-Sarasota, FL",FL,South,934956,0.43275826404814943,18.12952143994171,18.086725491165335,10.782302242136682,14.191197659515472,20.49425632521077,13.626879273764569,14.206539498900561,21.02675936523457,10.08679492306794
"Norwich-New London-Willimantic, CT",CT,Northeast,282602,0.42308258123179954,10.736821768627102,3.164760762418283,3.629441714282966,2.922066306953539,10.29056642530765,4.98165484156775,14.959114990040382,12.897227475721099,3.101698477982395
"Ocala, FL",FL,South,428905,0.38502238162759195,9.467041002213886,8.667867903832759,1.7431534924913321,3.105895868860518,11.57424382119357,2.969921421594996,3.907188467752688,16.467338650707934,1.9577452626230476
"Odessa, TX",TX,South,170022,0.5278319304422926,66.62017285200776,73.10703832752492,64.81620698885433,67.69210325443916,75.44724796079032,64.8155121533661,70.30921877559105,73.76965891366099,64.6475774676418
"Ogden, UT",UT,West,669210,0.48269731486404266,42.086889174205226,45.811706821914214,37.884849639327676,40.754075275046105,40.12505164352122,40.303288321321965,37.847700902268954,43.834395121611216,37.245517995695586
"Oklahoma City, OK",OK,South,1497821,0.4993629450309519,61.00198899022301,56.14189561561631,52.79489414489642,58.83153036363882,62.02505438900974,55.811398602726705,57.57444004047903,59.966667934925624,53.31078232877602
"Olympia-Lacey-Tumwater, WA",WA,West,302912,0.43575932981391585,18.40555471637563,8.10217804027108,3.7822359451670713,5.36709497400074,15.028356865293969,4.70056111313358,7.032458772107246,11.202648070924488,3.7460549161163015
"Omaha, NE-IA",NE,Midwest,1001186,0.5282816787751696,74.91694796017967,72.74477934175466,68.24489697277188,77.03698476305499,75.61479021493207,69.40586696947764,70.35187489309817,71.87701284387252,70.23577425808874
"Orlando-Kissimmee-Sanford, FL",FL,South,2940513,0.45377843441401067,17.403384236120566,17.55553372803817,14.419142621493306,16.724962244362253,21.518640756598685,16.876750195487027,18.77170749665326,18.68784546094548,15.701484224326235
"Oshkosh-Neenah, WI",WI,Midwest,173307,0.46731728699505143,49.566298924636186,46.133879669358464,42.75629109193304,47.32502711974305,50.61890068356172,43.9631281406866,45.188894087897324,45.33971102251061,41.890938144513576
"Owensboro, KY",KY,South,112812,0.42273308011846994,25.237342294635745,16.166981526123493,14.968911640019694,19.166440027371234,22.836647839771512,12.214267759148543,15.822301402648462,21.943201950933528,12.575241270877404
"Oxnard-Thousand Oaks-Ventura, CA",CA,West,835427,0.4969513797216143,45.7781487146894,40.10729947611412,37.45666889380397,40.819726388036756,42.42348721213533,40.69659853203057,40.14770553296813,43.44122309907737,39.449899789396454
"Paducah, KY-IL",KY,South,99814,0.43381990323837805,67.21785674869794,60.58507285777576,55.18783270300176,61.66653968918373,69.05717606177579,56.78524475081254,63.2106336170045,70.66962052027993,58.66004773989183
"Palm Bay-Melbourne-Titusville, FL",FL,South,658447,0.41932207409225525,22.329314951427808,20.34252557987558,17.2769977339965,18.048401007379624,24.918616976272794,21.711891357544964,20.401634782374465,24.45959602239905,18.43437822856915
"Panama City-Panama City Beach, FL",FL,South,226221,0.42269724736291486,13.366632832393613,15.147680407753219,6.23037242106082,9.534375695398783,16.102886499449156,9.851606509402803,18.256073446755572,22.89120065270975,8.319992876829248
"Parkersburg-Vienna, WV",WV,South,87120,0.38623787290795103,21.575043580101838,7.10850310479578,5.905152572408171,10.062582982842134,20.07172014242681,6.359776303163102,13.302264592584196,22.078207819576846,8.02719846195522
"Pensacola-Ferry Pass-Brent, FL",FL,South,538928,0.4060644598678656,15.497690648426188,13.120952025275587,7.586006745173718,13.819976296463771,16.89445583272426,9.742240129331217,11.964482719708517,16.799075770690003,7.312973663239752
"Peoria, IL",IL,Midwest,365668,0.46602767080130075,24.76657398905854,17.874607666536697,16.278116564478374,20.341110112764525,29.248481766570507,16.181300053383875,18.77509172517908,20.967555987530588,16.915671713703578
"Philadelphia-Camden-Wilmington, PA-NJ-DE-MD",PA,Northeast,6330422,0.4815981766710117,57.44366347853814,48.48455831443953,50.17658974025977,52.989466468742286,55.86863488168935,51.34613509220847,48.564793762213064,51.13566509623484,50.399976433113125
"Phoenix-Mesa-Chandler, AZ",AZ,West,5186958,0.4565634291585879,26.637563461927684,24.46759784765158,21.354760901360063,26.412386329990955,24.144407398142658,23.2316958263275,22.564335291303284,22.858467743601135,20.80901261399211
"Pinehurst-Southern Pines, NC",NC,South,108417,0.5010284267662672,24.081403687074303,16.369157842352784,11.24523718921387,10.88311948614028,19.738427288731845,10.662571216414129,17.424004921770187,17.756331139143626,8.398565481959308
"Pittsburgh, PA",PA,Northeast,2429917,0.482360236957149,53.80224669013097,45.110123455166075,44.84192307583596,48.14088678977054,54.22270547664456,45.816599297953786,45.41365587956645,47.466073427407665,44.86272112250524
"Pittsfield, MA",MA,Northeast,128726,0.4530355109508505,24.50501471450956,16.95052845431376,17.644892005646103,14.298218804997207,22.60620797644614,14.819087596468552,22.44920577813551,26.00982056501109,13.85811977498596
"Pocatello, ID",ID,West,91010,0.4075270139174738,43.59227692520723,31.691586925659088,25.2870342239146,34.68976253097837,31.114156326889418,26.220660374964012,31.886422427261753,38.063181418049794,25.118228682983933
"Port St. Lucie, FL",FL,South,556336,0.41988238940775063,13.490330490349198,10.355088973449986,3.39759774156969,4.853318226223861,12.655227353777567,5.2403535575692,7.156669705285203,13.709719121130354,2.356818474387217
"Portland-South Portland, ME",ME,Northeast,571534,0.5210400040306454,78.4772700688029,71.6451069337126,68.85483060697757,73.1228633715386,75.27337765646841,70.3801419185926,73.93237699572623,76.85410721813173,69.59396193982624
"Portland-Vancouver-Hillsboro, OR-WA",OR,West,2537070,0.5056168086799381,67.02745326820929,63.84751870744586,60.276184855365564,61.522594422264106,66.31086847896877,62.41942292040964,62.21739310379243,61.296436342420215,61.95918495252989
"Prescott Valley-Prescott, AZ",AZ,West,252013,0.4229410578239837,17.592440864034657,14.919646687842695,7.2752042829008,6.332097367671619,15.28758689858694,6.163318131012859,13.579479079975348,15.637142132853315,5.038459205172961
"Providence-Warwick, RI-MA",RI,Northeast,1700901,0.44072264640321046,16.620680869525067,11.197067162818383,10.507048791122456,11.870219762797307,16.703832699137244,9.360767839735965,13.513906730250858,14.952980231746837,8.267354252773899
"Provo-Orem-Lehi, UT",UT,West,760154,0.5055013959447268,60.3347566425734,63.72821700392583,63.335535922361565,59.499637011289686,56.44744017597988,61.84292820483668,56.18826154392488,61.145976082729646,68.5783087122647
"Pueblo, CO",CO,West,169866,0.35400280242218995,15.433336103653495,7.267248277340059,2.2488089715314663,4.883143415205763,9.95850884697546,3.524117252921329,7.124816319423082,12.5037995836985,2.9905382960978457
"Punta Gorda, FL",FL,South,212122,0.3517657356350184,11.574870436160367,12.827179097669994,1.5404689847759154,4.236456739136936,11.37598491285189,3.586266105296971,6.429913176667192,20.762584018085768,1.932479560866349
"Racine-Mount Pleasant, WI",WI,Midwest,198651,0.4346357981946144,16.045536456262376,9.020197088180417,6.5843655016633,8.146743061793702,15.736698051183525,6.82694330188776,9.717827941683232,12.287088903613515,5.584171283424194
"Raleigh-Cary, NC",NC,South,1562009,0.5306211177794002,71.6275364327457,71.99734337270542,69.08210263735415,71.12362318546815,75.14945609632355,74.56119730089468,70.17797087118957,71.90679159133785,72.79618961160008
"Rapid City, SD",SD,Midwest,153470,0.5556613837365526,69.0651750762689,66.6676085966237,57.2155591127092,62.104342857606284,70.82046145177138,57.82070143204396,67.77790184284993,71.61163751467224,58.095637567770076
"Reading, PA",PA,Northeast,439117,0.44586048279782214,10.123847491965726,4.196059123451592,2.244737912080931,3.4602267515306138,12.582216115555624,2.9712298527963017,3.1439463972913426,6.99070075242094,1.9500034525623389
"Redding, CA",CA,West,181121,0.38898753645744166,16.438010224823397,7.936879367114515,4.922691678098076,6.3659817608494516,14.739441256786371,4.330219284134538,8.611764687455258,16.333272117561005,4.582933854186176
"Reno, NV",NV,West,575266,0.4940456711896644,60.089025686758525,62.24300250454795,56.019685594989625,58.527979604724166,60.70631672575987,58.693866779479876,61.56059005984573,61.27942696593133,57.8219801003367
"Richmond, VA",VA,South,1368219,0.4924621918934539,61.3395999412787,59.981130704681995,56.775298628778984,63.25308315370766,67.73067616705175,58.64610031935261,57.71189953908643,61.194816754151226,56.53217347318421
"Riverside-San Bernardino-Ontario, CA",CA,West,4744214,0.40077649289394296,8.169649156655042,7.973379778112301,2.705959950576506,1.8449560564933545,7.624658509217161,2.5513664360172448,7.266597345998763,10.890754594676531,2.0792808497081166
"Roanoke, VA",VA,South,315456,0.4779615587798205,43.5653832850005,36.63790516680585,33.09260872022629,39.90887894050965,44.89198054294585,33.89127793051843,34.850292505235196,41.322103691861145,33.42019165063795
"Rochester, MN",MN,Midwest,230742,0.5502519701434465,79.0274808731276,71.73902040226959,70.67223603450435,71.37703469902796,76.82782206324238,85.96729767011578,72.17929094799675,74.72512489880779,69.7229053437457
"Rochester, NY",NY,Northeast,1057218,0.4580568416980028,15.441021514923236,10.06140353709146,11.223498158924974,9.636088841891546,14.111479091546746,9.93732328208617,10.217608962091902,14.0343122808257,9.551603136261944
"Rockford, IL",IL,Midwest,337103,0.43721196053427475,10.415716800079213,5.914122973251381,4.793099716650497,7.725820879028883,16.042310794448728,4.8675877065626905,7.985424625295268,10.366056657824352,5.0549192476449605
"Rocky Mount, NC",NC,South,147114,0.37615229941824857,7.508317273194333,5.5879446753961055,1.8502694570617417,4.991641987750551,8.03898762402708,1.316984219175771,5.0553725147415385,11.564000916306249,2.3089531696110934
"Rome, GA",GA,South,101390,0.3997931366443025,17.610430688501452,1.2679074765630438,5.361007079107884,3.471956462527876,8.443574540577044,2.399292892955291,6.596478135844563,10.625999644821023,1.8737317692853042
"Sacramento-Roseville-Folsom, CA",CA,West,2463127,0.45062410160713307,23.457712336205105,21.707891343743132,17.0063836373681,18.59179096743889,24.105581645905016,19.488383650768487,20.129556259495224,19.624643943147696,16.635234896683905
"Saginaw, MI",MI,Midwest,187714,0.3559221986613779,15.682210067856378,3.5700891457369606,1.8181118618214178,5.936998788174512,11.694010728025498,2.3717623677063324,7.524598173064913,15.466930023182353,3.5230614357597103
"Salem, OR",OR,West,443416,0.40897205713248247,16.804654128559157,15.160848941879038,5.905265014541843,7.428790487870934,13.498035665793989,5.559791677741426,10.203277750162073,13.324846740161957,5.98202622039858
"Salinas, CA",CA,West,436251,0.38807950645869577,7.989601216716499,6.352928047999111,3.795995100204648,2.255671168954163,9.761597282613156,5.068658642643444,13.452174744285179,11.350369317370252,2.897266504187434
"Salisbury, MD",MD,South,131570,0.42578401623972406,16.27679445108597,5.565790047175733,1.9694825143449848,4.683884747165526,14.314633487483338,3.036971854884303,5.777486700809842,13.992862552643412,5.280877140597733
"Salt Lake City-Murray, UT",UT,West,1300762,0.542054426191682,75.18696914031483,75.75392948079028,73.54375289638988,80.35958399883799,81.32468245615641,76.21880969631178,71.95484251407377,73.94899387029908,76.07800145215205
"San Angelo, TX",TX,South,121408,0.48285210334418477,42.756877310987015,39.83488558319909,35.086017804038974,41.31933791256177,48.96143741733987,35.53108199945896,42.56116347586372,46.36880807156905,38.32819965028492
"San Antonio-New Braunfels, TX",TX,South,2763006,0.44957567787808994,16.294238431868564,14.515825412072198,10.814423582500849,16.19807880710055,16.163553706474076,12.310721598913648,15.235838008845526,14.67664274468484,10.773360745348274
"San Diego-Chula Vista-Carlsbad, CA",CA,West,3298799,0.4691159529379322,65.35966837641904,60.5973205055109,59.94563813199512,60.9867245486345,64.8431043103534,65.86066977754797,62.59068847020631,59.806452499838905,60.162701299817996
"San Francisco-Oakland-Fremont, CA",CA,West,4648486,0.577280763262014,80.86748736692802,75.7713204531289,78.30522032922312,79.36536129396217,81.1384645413032,82.94556575189141,78.23681775289127,73.57370670637165,92.96145360510855
"San Jose-Sunnyvale-Santa Clara, CA",CA,West,1995484,0.7228693742998267,78.30340582480349,74.59246675818333,78.75808468953312,74.86763068297066,76.05331077926141,82.61326271858226,75.92095842520821,70.97634623289967,96.88689808274195
"San Luis Obispo-Paso Robles, CA",CA,West,281843,0.4599019660579614,21.75477500166923,16.711135683298618,12.629067997525711,11.685794660051881,17.670327207069143,13.26113586519853,23.833944209002887,19.8609076553749,13.370657571318612
"Sandusky, OH",OH,Midwest,113533,0.4412474607793473,16.559379743166836,10.796455061708201,10.396768538493731,12.94266896597755,20.695849703063818,9.05741808965306,25.806905175702195,23.350470177516453,10.368910511897958
"Santa Cruz-Watsonville, CA",CA,West,262406,0.44156513566185124,22.3954677721252,16.01096405859441,17.253484228130628,12.626170611030767,23.07894274293718,15.339597657090748,20.019204550131693,19.96202041772888,12.63878913264877
"Santa Fe, NM",NM,West,157765,0.4757106397515062,33.47666525165523,27.82706076722896,28.901257212454585,25.8694782248955,36.86778763654376,26.968332331050355,36.89062402497408,40.97705471829318,26.98262205652317
"Santa Maria-Santa Barbara, CA",CA,West,444500,0.4647896212146242,49.60419543703901,44.96930787654651,43.98966820891651,43.41564133782112,49.68695855745883,45.31582811355837,50.5747365174085,47.29642766905563,47.2112748881081
"Santa Rosa-Petaluma, CA",CA,West,485375,0.49499529490114946,52.70784492226568,53.36351909896185,45.69120044497627,47.0379753510354,53.17571063334267,46.8154640509842,50.58353663995078,51.39664642261474,44.95540395023851
"Savannah, GA",GA,South,431589,0.4724590186692553,14.44347268594442,11.540272263142642,9.414450901038201,10.848027754830607,18.448745885306753,10.113628649963296,18.735515638203754,18.304857047007655,8.733920452225853
"Scranton--Wilkes-Barre, PA",PA,Northeast,574009,0.4125138699217671,14.773874922629837,3.2375302707496862,3.808203819846575,5.667471041920802,10.040133976214523,3.165014584135077,5.989460598060808,11.304594553828853,4.211419709512818
"Seattle-Tacoma-Bellevue, WA",WA,West,4145494,0.5179830091449329,78.01981181066068,75.92383384291468,73.38328003805478,73.52544530354727,77.65226780233027,75.74791657406782,73.8821735312893,71.79488630041557,80.98659965307894
"Sebastian-Vero Beach-West Vero Corridor, FL",FL,South,172139,0.4372467239369823,20.18970958427491,16.79075251327773,10.24341223495914,13.923569297637611,21.548966987457867,13.026101720532862,13.466543696528992,22.62105706258708,9.057277406816626
"Sebring, FL",FL,South,109778,0.34610241855836016,15.772444194645322,7.8415242481926395,1.8206228022482382,3.0573886438802287,11.789467093804317,2.0709674419133393,5.685859227970836,19.25179724082203,2.2337082154476002
"Sheboygan, WI",WI,Midwest,118331,0.45577673424085074,34.02315666279394,30.62867864486452,27.534715247025744,33.557877113598,37.880358680479034,27.78737126920216,32.52277168516574,34.56280908213871,27.899226755792544
"Sherman-Denison, TX",TX,South,150532,0.42300347460549315,16.84731569849771,10.686588947497835,6.740476381445067,9.644958200689318,13.995318772697447,7.174215311572192,9.684129234657624,17.505363524541806,7.575375182049071
"Shreveport-Bossier City, LA",LA,South,383269,0.46693128774192505,29.398089369578756,18.054924910553012,15.699951991440841,20.510355360284777,27.20617163897745,17.59309480942286,21.436468753139675,25.258256721463813,15.86404024981334
"Sierra Vista-Douglas, AZ",AZ,West,125773,0.3807149647666984,10.10618780228974,7.789902054013215,2.5593807005042257,1.8832749048194208,9.438275439166924,5.677361718425593,9.406001585035396,17.140276401248858,3.1660194345107575
"Sioux City, IA-NE-SD",IA,Midwest,145567,0.5419324971125734,52.73676044918355,48.2669011765058,44.74729067153283,50.057602216020825,52.54051514239364,44.18321415667493,48.353128484837235,52.376783327864175,45.489851397990975
"Sioux Falls, SD-MN",SD,Midwest,308711,0.5709494288976584,78.10394547880944,73.63468146579548,67.30031502472362,78.37082347565232,76.48682009332724,68.25576282824396,70.17364837652926,74.83219006349594,69.48692914538626
"Slidell-Mandeville-Covington, LA",LA,South,277615,0.4755150999824978,43.11236511613706,40.099853891148115,32.43842109297272,39.21489738960546,40.90199625939122,35.791197215092694,38.97233407608368,42.361527139183174,31.646737377014354
"South Bend-Mishawaka, IN-MI",IN,Midwest,325294,0.4054048453689103,11.880002330718783,6.346630534761378,10.21107589266215,8.15102119892724,13.795980629414434,5.346521698611652,8.486576788786603,12.487784282770296,7.887511968232677
"Spartanburg, SC",SC,South,395934,0.44569466715615225,7.9095785635291405,9.974526415704583,6.5095213114540265,9.597011901200421,15.79124416993439,6.493323326956276,8.323934724308224,13.215816298743995,6.414831746742725
"Spokane-Spokane Valley, WA",WA,West,604962,0.45858637013008197,25.425451263347043,18.01788687787323,13.948069143583682,17.080901490426033,21.194446349537955,14.513551866975513,15.496792375331294,18.135574246338244,14.337507300746921
"Springfield, IL",IL,Midwest,206371,0.4730135001327034,30.812589887826302,20.449780405680055,19.585420252801107,27.544343417395417,38.01455863827823,21.500794830493682,25.557386286093546,27.53903227413633,21.654546404116072
"Springfield, MA",MA,Northeast,464151,0.4000403930839444,15.754150552146745,4.617676058371782,5.013198075290804,5.745330170577622,10.671382372547708,2.8410524753408404,5.093284028953099,9.34899587467499,1.9986971835887213
"Springfield, MO",MO,Midwest,500004,0.47931072683132175,52.341443875898875,46.252053053570926,43.758920617364645,49.62867695872429,54.47657497519769,45.12230489855736,47.33171668510508,51.52525342890565,45.21118665913244
"Springfield, OH",OH,Midwest,134985,0.3829520440521272,7.047943232891366,1.6981873062529744,2.1958341446848353,4.58939480830518,12.983452821067646,1.1782537097023373,5.3026023546419125,7.706024996525486,0.930785491329269
"St. Cloud, MN",MN,Midwest,205878,0.5168887261459859,66.62268088932422,65.3749375717787,57.21331417191473,62.0945983391771,66.36159818407157,55.94540933613922,57.944224281622034,64.60904562327391,56.724757382658076
"St. George, UT",UT,West,207943,0.471917113523329,59.11730706033528,63.32592771114781,48.68203130906264,52.61108986159774,52.47988130158608,52.134895307383125,55.14571959583257,60.15670463146101,50.96157058402273
"St. Joseph, MO-KS",MO,Midwest,119186,0.47545229723801485,48.53677284317299,41.51742960686673,37.590213629530204,43.54561972308585,47.45167116522831,37.41741375467801,40.48803712423564,46.13954207877065,38.72731642838273
"State College, PA",PA,Northeast,159805,0.45723709253000316,12.8665865376087,8.386278472621642,6.175254274173489,7.665678987932776,17.5177570929678,8.363641179262661,11.954773604751503,15.297307853599735,7.881658637596511
"Staunton-Stuarts Draft, VA",VA,South,128481,0.461144357618064,12.051365175327652,12.022990818515266,8.20191245818669,9.152199781464285,21.57912458010799,6.593214031023313,10.462318104280941,17.009824892290855,7.9121020749755395
"Stockton-Lodi, CA",CA,West,816108,0.3853073964404859,6.4306780756425725,5.525369947167726,2.2499494787826744,2.3602219408413503,6.46411478718611,1.6250268414512967,4.363730507398986,7.857798760576048,0.8204609541801324
"Sumter, SC",SC,South,104776,0.338249142017285,9.283817241182742,10.012059768121311,3.6852094841809664,4.090024311777203,14.243958488610147,1.8836976818614966,6.557239962659277,14.282026595637372,1.5896274303999516
"Syracuse, NY",NY,Northeast,655189,0.45554794796273906,15.46793225171403,9.396325473411533,9.812051596799574,10.88341193917157,16.57363468718844,9.421628379688515,10.75263075738512,14.369445131748481,9.295273666211685
"Tallahassee, FL",FL,South,399098,0.4064274865408647,19.954314551500683,17.723952541917694,14.148483252380235,15.691514047888338,25.218121819276675,19.61398172408453,18.371225690403964,22.072128315027626,15.562843796645145
"Tampa-St. Petersburg-Clearwater, FL",FL,South,3424560,0.4391028563469338,60.994136215760754,56.736686748468,53.94092535236494,61.685055040661084,59.26167148192625,58.6330062179205,54.81429921570798,59.16313892891737,54.86026601128271
"Terre Haute, IN",IN,Midwest,166552,0.3910005535601338,19.379782595232996,10.362672500548786,7.941697738115293,9.442308474266706,18.7112399361753,6.041190819362372,13.232399442447152,17.850003758721684,7.071989155263999
"Texarkana, TX-AR",TX,South,146210,0.43683510827081723,14.925308643567453,8.334943813858574,4.7396319525753015,11.02252282989074,16.509309931013956,5.8656652270325775,11.974482470834888,18.066425390117775,5.33179002796877
"Toledo, OH",OH,Midwest,601396,0.4215113891783004,16.074518729511944,9.515474228160064,8.504659911454478,10.196291022312176,14.219743025322154,8.075568669975066,12.195655001777029,12.785348406920754,7.620321221558074
"Topeka, KS",KS,Midwest,232648,0.4664118974787084,35.96233347006952,31.50802709842474,24.79856767343801,34.35179246018839,37.61642948738714,26.543461677929418,28.17631782670189,31.299791346149053,25.574655206252068
"Traverse City, MI",MI,Midwest,156634,0.5111624409686835,57.72440602931591,56.438745740265716,49.180558445978775,55.577342560141766,60.892100075843395,51.105913367568,57.1945433763717,65.03453910423688,51.28241613935827
"Trenton-Princeton, NJ",NJ,Northeast,392138,0.49621591821550415,74.14556426062452,66.26952715330083,76.44300220767536,74.30975962642432,77.38962014171709,74.44498588369957,67.9259689210914,73.6179620585697,69.54054279495998
"Tucson, AZ",AZ,West,1080149,0.41218688577111356,12.14402578273284,7.403577218710193,4.320782733853229,5.434736108455826,10.773995719660947,5.2273146857989685,7.620801910165381,10.614123060064749,3.5242445739612034
"Tulsa, OK",OK,South,1060423,0.5025406611426211,49.36711500789478,46.91483766946766,42.83221325205984,47.855593153886,52.94774625211127,45.79450815337604,46.55808924543191,48.35005375008807,44.432738732181846
"Tuscaloosa, AL",AL,South,281081,0.44014872991897536,8.72772785402726,8.15991199634551,3.7279271584811693,5.776374886564377,10.808075614740225,4.099997163962492,8.76188716157589,10.923386107751645,4.9101649479033975
"Twin Falls, ID",ID,West,121319,0.49559970487813676,31.72259937758119,25.20138590742692,18.819184674475718,21.782111975144456,28.06720617232475,20.219341840268584,23.68640121624912,31.038840141837724,19.385875861391312
"Tyler, TX",TX,South,249091,0.48618346262295853,36.22963293165159,27.839892973431247,24.85500813134121,30.38754024005947,37.994042769999304,27.0324725760472,29.205909501345666,33.985837437635475,25.82766469777412
"Urban Honolulu, HI",HI,West,998747,0.44429576083309497,9.260762315952418,6.780279432992257,5.7113272892182625,6.082718738023016,14.031229907640292,5.025853681573739,12.230325442223675,8.249137950102618,3.9337246028247264
"Utica-Rome, NY",NY,Northeast,287932,0.4229105304771909,12.274173589749411,2.8366954903202926,2.953055387114219,6.754465654257618,15.4887643575542,3.177257190880567,10.11042994266265,11.26865221200308,3.155761381372085
"Valdosta, GA",GA,South,153179,0.3943736950810858,13.630844385309796,5.988465434541033,2.247814953740894,5.488685224711375,10.715614917835095,2.311394499345839,9.589421682772372,14.81199452304397,1.8788449072932776
"Vallejo, CA",CA,West,455101,0.3869770476062752,11.624779333816566,9.387262037452139,2.7726818658488384,2.2393798235478624,9.4036842339561,2.564093962511847,6.090557872934308,10.275336611052218,1.3853820306565154
"Victoria, TX",TX,South,98446,0.46831589665108686,21.697096357871505,14.41820419069774,11.448042132067357,15.805765058614018,23.767236677540904,11.1207778214772,16.86966340141679,25.66033878065791,11.28891223660683
"Vineland, NJ",NJ,Northeast,155678,0.33894102419412686,12.719344888978664,4.982728855375755,2.5737281155917793,0.6991181166855186,9.336820796381357,2.023269860859139,2.420279441285327,12.21769501843717,0.9885520227038258
"Virginia Beach-Chesapeake-Norfolk, VA-NC",VA,South,1796689,0.44060586336074875,13.66986575353481,10.81270919750175,8.148927449889841,10.367491828677169,18.213807697133564,10.897283799234469,13.781815848389686,14.749323042418247,7.797044219942979
"Visalia, CA",CA,West,483546,0.2932791753754669,9.523440607999166,5.366275966330078,0.9510826450450409,2.24895276871952,5.56442677946596,1.0845017012179303,4.759276760066002,10.680557658040534,1.3250757900504726
"Waco, TX",TX,South,305814,0.42974284482725156,13.28852389427613,11.68094090878555,10.787100855453847,12.862574909469496,16.369061956323165,6.789660761519564,11.691663192951522,14.757887064565137,7.063066145249436
"Walla Walla, WA",WA,West,62068,0.4294205037653632,18.860080514969944,12.426464624411462,10.790028910836979,8.533313203345088,10.536803752013554,6.9861510157838245,12.270822704676418,12.687338764641073,7.559884038678437
"Warner Robins, GA",GA,South,204110,0.35821252166085443,7.656224311417599,3.542582108389911,1.568982500260519,3.3019807646426584,7.5979916086324355,4.947796117981507,11.581215215450106,16.39172110645865,1.0757199792175527
"Washington-Arlington-Alexandria, DC-VA-MD-WV",DC,South,6437907,0.5000727191479241,71.82925060360212,69.46723019600765,70.4947461033705,68.83523045543384,84.01280792853873,81.8260336707757,69.60255626957061,67.39565919722183,73.28689103528615
"Waterbury-Shelton, CT",CT,Northeast,462220,0.42458075157911107,20.246076429911415,12.35302995917922,10.057906934973792,10.348360587534561,15.617537236982063,10.15883651353794,10.409930759386635,15.057130547988203,12.828221543535653
"Waterloo-Cedar Falls, IA",IA,Midwest,170081,0.5109921238655541,49.21090154404523,42.375722145618674,41.292117030988464,45.69937786244389,50.18396662556201,40.46880073255531,43.578652208896386,50.07118283913724,41.774384530306236
"Watertown-Fort Drum, NY",NY,Northeast,113140,0.43115537023020334,14.113262425364285,8.410607154550997,4.824994190842516,5.706397731306853,12.940816090648187,4.199363146712617,12.609075829460743,22.696599557820782,6.803614345678118
"Wausau, WI",WI,Midwest,139091,0.5038087366981168,56.808133229404135,51.357941535030996,49.16656063300916,56.7356206415254,56.59510109589048,48.46123617604071,51.54980122778892,55.06485001711343,49.29154821168938
"Weirton-Steubenville, WV-OH",WV,South,112738,0.3610693187165981,11.906154106525378,3.0865020775775824,4.0145221597815475,3.257223805035821,15.318569559837439,1.2396732648288655,6.9440826549701615,10.822998024966667,2.1636609660052786
"Wenatchee-East Wenatchee, WA",WA,West,127023,0.4154558806708206,12.873018795055938,15.964112913957749,6.2406499854697834,6.926331889535331,13.773084142283468,5.9916480754338695,15.252319135369316,15.867572056540439,8.013888974291351
"Wheeling, WV-OH",WV,South,135136,0.3968677677612531,29.002407901932603,15.348069471871462,16.45465295127574,19.161483057957923,29.515317976575023,16.257185033478233,21.463409724730383,26.890220476379227,16.03306938221879
"Wichita Falls, TX",TX,South,149869,0.4651706661554318,23.28684408422985,10.270959828143988,8.687376833183759,14.153951483132007,20.273378026685055,8.491801251402132,15.91743149354657,19.159132759436282,10.825036113408206
"Wichita, KS",KS,Midwest,661217,0.48384833581969555,26.482662438657385,22.79557134000587,18.442343341356356,23.259223399242867,27.363398325818476,19.692272800858056,22.338257750843184,24.080234981490012,19.419547181332458
"Wildwood-The Villages, FL",FL,South,154693,0.43452100927755793,11.053089949019279,12.24039526951074,1.2149064976899824,4.477031580220355,2.6835414640436457,1.6685966855892809,6.807570271365006,11.453308732197177,0.6278094817424101
"Williamsport, PA",PA,Northeast,113236,0.4124390201395507,16.05194965081679,4.513151938876138,2.182391072215005,6.755573483100689,17.31708252337659,2.7324391792827196,7.0761560123638825,12.948076732040587,2.663702400141877
"Wilmington, NC",NC,South,480522,0.4510232596406488,30.718508882160695,29.044905430774552,23.391411613638923,26.232349530634785,31.69692049109969,27.62880967393444,31.60093853643803,34.64138402277406,25.2472793873308
"Winchester, VA-WV",VA,South,148005,0.45233388023734755,19.952258105945255,14.690580137265197,13.921159203902223,17.195982484819172,21.51870801968786,12.572763044812396,15.331166287934323,25.469670264773637,11.769431403066875
"Winston-Salem, NC",NC,South,705187,0.4277352435523683,11.93522084527563,11.977780314062342,10.307710087419169,12.856761592200028,17.30702498493039,9.781059091931306,12.057009292729292,16.04540839988071,8.495739379389978
"Worcester, MA",MA,Northeast,881248,0.4596187169677003,17.565031901836274,11.027228725999825,10.48304998538413,10.013286437493122,14.552363502157139,9.973436844859314,9.254379580544454,12.720543235438491,7.004538937951556
"Yakima, WA",WA,West,258523,0.40182528139423423,10.12131470412182,6.473871816263359,2.8936110518960265,3.031754641136358,8.073973113351313,1.9930213336282592,6.559071895842558,10.836305523614033,2.331196774778725
"York-Hanover, PA",PA,Northeast,471240,0.4531965498184806,7.772685329715187,6.490456053515681,2.2312325236005845,3.782773093517608,14.084516765872623,2.677077427893893,2.9303533696626447,8.437854312615102,2.4322521446739955
"Youngstown-Warren, OH",OH,Midwest,426086,0.3982232223371997,13.123789616831111,4.885847617111944,2.1454039325110257,4.482362889976987,14.357326422259236,2.540541151829428,8.182323388041757,13.424635525934109,3.039195555724512
"Yuba City, CA",CA,West,186014,0.33506211952553755,8.773611923080873,6.817657823122326,2.0384906949276407,2.2709433885692314,6.261889804549946,1.8410924165269213,8.048742013486544,11.636594036443961,0.9017417322948251
"Yuma, AZ",AZ,West,220310,0.3032809170559242,8.319604372953963,6.707605016431276,1.119713035312152,2.191749775939409,6.115997929132807,1.7311580482135893,6.925322641916478,12.06176931897521,2.2219232171154806
