metro_title,Income-Heavy,Employment-Heavy,Balanced (default),Density-Heavy,Diversity-Heavy,rank_mean,rank_std,stability
"San Jose-Sunnyvale-Santa Clara, CA",1,1,1,2,1,1.2,0.4,Stable
"San Francisco-Oakland-Fremont, CA",2,2,2,3,4,2.6,0.8,Stable
"Bozeman, MT",5,3,4,1,10,4.6,3.006659275674582,Stable
"Midland, TX",9,4,5,4,2,4.8,2.3151673805580453,Stable
"Napa, CA",3,7,6,5,5,5.2,1.32664991614216,Stable
"Bridgeport-Stamford-Danbury, CT",4,5,3,8,6,5.2,1.7204650534085253,Stable
"Boston-Cambridge-Newton, MA-NH",6,6,7,9,8,7.2,1.16619037896906,Stable
"Seattle-Tacoma-Bellevue, WA",8,8,8,12,7,8.6,1.7435595774162693,Stable
"Casper, WY",47,9,10,6,3,15.0,16.186414056238647,Moderate
"Denver-Aurora-Centennial, CO",11,21,9,15,19,15.0,4.560701700396552,Stable
"Salt Lake City-Murray, UT",16,17,14,18,15,16.0,1.4142135623730951,Stable
"Oxnard-Thousand Oaks-Ventura, CA",10,38,15,19,14,19.2,9.826494797230598,Stable
"Minneapolis-St. Paul-Bloomington, MN-WI",20,16,16,31,20,20.6,5.499090833947007,Stable
"Manchester-Nashua, NH",13,14,13,33,32,21.0,9.402127418834526,Stable
"Portland-South Portland, ME",23,13,21,16,34,21.4,7.227724399837061,Stable
"Los Angeles-Long Beach-Anaheim, CA",22,45,19,13,9,21.6,12.547509713086496,Stable
"Portland-Vancouver-Hillsboro, OR-WA",21,26,20,22,21,22.0,2.0976176963403033,Stable
"New York-Newark-Jersey City, NY-NJ",19,24,17,21,29,22.0,4.1952353926806065,Stable
"Boulder, CO",12,12,12,7,71,22.8,24.17767565337909,Moderate
"Burlington-South Burlington, VT",29,10,23,23,31,23.2,7.332121111929345,Stable
"Anchorage, AK",18,31,18,25,27,23.8,5.114684741017769,Stable
"Sioux Falls, SD-MN",46,11,27,27,17,25.6,11.892854997854805,Stable
"Santa Rosa-Petaluma, CA",15,33,22,20,41,26.2,9.453041838477178,Stable
"Billings, MT",55,23,30,14,16,27.6,14.813507349712962,Stable
"Bismarck, ND",40,19,28,28,23,27.6,7.059745037889116,Stable
"Madison, WI",36,18,25,44,18,28.2,10.283968105745952,Stable
"Charlottesville, VA",27,20,26,38,33,28.8,6.177378084592201,Stable
"Bend, OR",28,42,33,11,42,31.2,11.443775600735973,Stable
"San Diego-Chula Vista-Carlsbad, CA",14,37,24,30,53,31.6,13.093509842666327,Stable
"Helena, MT",32,27,37,26,55,35.4,10.55651457631732,Stable
"Austin-Round Rock-San Marcos, TX",24,28,29,46,54,36.2,11.668761716651858,Stable
"Nashville-Davidson--Murfreesboro--Franklin, TN",48,29,32,54,24,37.4,11.551623262554921,Stable
"Missoula, MT",68,25,47,10,38,37.6,19.663163529808728,Moderate
"Fairbanks-College, AK",41,48,35,42,25,38.2,7.782030583337487,Stable
"Rapid City, SD",63,22,42,24,48,39.8,15.341447128612087,Moderate
"Cheyenne, WY",54,40,44,17,44,39.8,12.302845199383759,Stable
"Raleigh-Cary, NC",26,35,31,51,66,41.8,14.715977711317723,Stable
"Santa Maria-Santa Barbara, CA",37,59,38,40,35,41.8,8.749857141690944,Stable
"Minot, ND",91,30,49,37,13,44.0,26.229754097208,Moderate
"Atlanta-Sandy Springs-Roswell, GA",43,41,39,52,46,44.2,4.534313619501853,Stable
"Greeley, CO",33,71,34,71,12,44.2,23.249946236496978,Moderate
"Washington-Arlington-Alexandria, DC-VA-MD-WV",7,15,11,45,152,46.0,54.66991860246364,Volatile
"Fayetteville-Springdale-Rogers, AR",70,36,40,67,26,47.8,17.531685600648903,Moderate
"Odessa, TX",81,47,41,62,11,48.4,23.251666606933792,Moderate
"Fort Collins-Loveland, CO",42,57,51,34,58,48.4,9.178235124467012,Stable
"Charlotte-Concord-Gastonia, NC-SC",60,54,46,57,30,49.4,10.762899237658969,Stable
"Des Moines-West Des Moines, IA",61,43,48,60,36,49.6,9.687104830649869,Stable
"Bellingham, WA",59,70,56,36,28,49.8,15.471263684650975,Moderate
"Trenton-Princeton, NJ",25,51,36,56,92,52.0,22.812277396174192,Moderate
"Reno, NV",58,84,58,47,22,53.8,20.023985617254123,Moderate
"San Luis Obispo-Paso Robles, CA",31,63,52,35,90,54.2,21.311030007955974,Moderate
"Chicago-Naperville-Elgin, IL-IN",53,79,53,49,37,54.2,13.717142559585797,Stable
"Miami-Fort Lauderdale-West Palm Beach, FL",64,32,59,29,89,54.6,22.168446043870553,Moderate
"Hartford-West Hartford-East Hartford, CT",45,46,43,70,70,54.8,12.448293055676348,Stable
"Rochester, MN",50,34,45,76,78,56.6,17.453939383417143,Moderate
"Appleton, WI",72,44,62,68,43,57.8,12.106196760337244,Stable
"Philadelphia-Camden-Wilmington, PA-NJ-DE-MD",57,60,55,69,49,58.0,6.572670690061994,Stable
"Kahului-Wailuku, HI",34,81,61,41,74,58.2,18.214280112043955,Moderate
"Fargo, ND-MN",86,39,63,59,45,58.4,16.36581803638303,Moderate
"Dallas-Fort Worth-Arlington, TX",51,66,54,75,47,58.6,10.365326815879952,Stable
"Dubuque, IA",83,62,69,50,39,60.6,15.186836405255702,Moderate
"Urban Honolulu, HI",30,52,50,98,97,65.4,27.317393726342196,Moderate
"Green Bay, WI",88,55,66,79,40,65.6,17.024687956024334,Moderate
"Omaha, NE-IA",75,58,70,74,57,66.8,7.782030583337488,Stable
"Baltimore-Columbia-Towson, MD",39,50,57,78,119,68.6,28.231896854444617,Moderate
"Richmond, VA",79,56,67,77,68,69.4,8.212186067059124,Stable
"Naples-Marco Island, FL",38,53,64,32,168,71.0,49.78353141351064,Volatile
"Boise City, ID",65,67,72,61,96,72.2,12.416118556135006,Stable
"Gainesville, GA",71,61,71,90,72,73.0,9.402127418834526,Stable
"Milwaukee-Waukesha, WI",96,64,76,80,56,74.4,13.763720427268202,Stable
"Provo-Orem-Lehi, UT",44,73,68,88,102,75.0,19.555050498528505,Moderate
"Durham-Chapel Hill, NC",77,49,65,92,94,75.4,16.906803364326446,Moderate
"Charleston-North Charleston, SC",66,75,75,73,93,76.4,8.935323161475472,Stable
"Traverse City, MI",82,87,82,43,88,76.4,16.883127672324225,Moderate
"Kansas City, MO-KS",85,76,77,84,60,76.4,8.957678270623477,Stable
"Mount Vernon-Anacortes, WA",69,123,79,64,67,80.4,21.886982432487127,Moderate
"La Crosse-Onalaska, WI-MN",112,69,84,89,50,80.8,20.68235963327202,Moderate
"Sacramento-Roseville-Folsom, CA",52,109,73,94,87,83.0,19.3597520645281,Moderate
"Santa Cruz-Watsonville, CA",35,158,74,63,99,85.8,41.537452979209014,Volatile
"Sioux City, IA-NE-SD",99,78,87,95,77,87.2,8.818163074019441,Stable
"Wausau, WI",102,68,86,97,85,87.6,11.740528097151337,Stable
"Dover, DE",97,107,91,83,61,87.8,15.522886329545804,Moderate
"Ogden, UT",56,82,78,109,118,88.6,22.35710177997139,Moderate
"Kiryas Joel-Poughkeepsie-Newburgh, NY",62,93,83,87,128,90.6,21.415881957089695,Moderate
"New Haven, CT",73,74,81,103,129,92.0,21.428952377566198,Moderate
"Phoenix-Mesa-Chandler, AZ",74,77,80,121,114,93.2,20.053927296168197,Moderate
"Cedar Rapids, IA",120,89,94,100,64,93.4,18.084247288731703,Moderate
"Orlando-Kissimmee-Sanford, FL",98,92,95,86,104,95.0,6.0,Stable
"Coeur d'Alene, ID",94,118,99,48,123,96.4,26.56764950084971,Moderate
"Santa Fe, NM",76,95,93,58,161,96.6,34.86316107297214,Moderate
"Indianapolis-Carmel-Greenwood, IN",105,102,92,110,76,97.0,12.033287165193059,Stable
"Grand Junction, CO",123,127,106,66,69,98.2,26.056860900730157,Moderate
"Grand Forks, ND-MN",152,72,102,102,73,100.2,29.068195678438656,Moderate
"Houston-Pasadena-The Woodlands, TX",103,116,88,135,63,101.0,24.48673110074107,Moderate
"Medford, OR",133,147,110,65,51,101.2,37.46144684872703,Volatile
"Lexington Park, MD",17,65,60,152,213,101.4,70.96083426792556,Volatile
"Kingston, NY",89,115,100,82,124,102.0,15.658863304850707,Moderate
"Pittsburgh, PA",116,100,101,101,101,103.8,6.112282715974449,Stable
"Twin Falls, ID",121,111,118,72,98,104.0,17.854971296532515,Moderate
"Albany-Schenectady-Troy, NY",90,83,90,120,137,104.0,20.871032557111302,Moderate
"Ann Arbor, MI",80,97,85,130,135,105.4,22.861321046693693,Moderate
"Eau Claire, WI",132,91,104,113,91,106.2,15.354478174135389,Moderate
"Spokane-Spokane Valley, WA",101,145,105,96,84,106.2,20.643643089338664,Moderate
"Lancaster, PA",93,85,96,116,142,106.4,20.51925924588897,Moderate
"Worcester, MA",67,122,89,134,133,109.0,26.58571044753177,Moderate
"Cincinnati, OH-KY-IN",113,133,98,142,62,109.6,28.31677947789967,Moderate
"Grand Rapids-Wyoming-Kentwood, MI",110,130,103,126,79,109.6,18.249383551232626,Moderate
"St. Cloud, MN",126,94,112,99,121,110.4,12.306096050332128,Stable
"Oklahoma City, OK",146,98,111,111,86,110.4,20.085815890822058,Moderate
"Tulsa, OK",162,103,113,118,59,111.0,32.93022927341989,Moderate
"Logan, UT-ID",104,90,114,91,160,111.8,25.678006153126454,Moderate
"Harrisburg-Carlisle, PA",111,104,107,136,120,115.6,11.53429668423697,Stable
"San Angelo, TX",168,113,123,115,65,116.8,32.7438543852125,Moderate
"St. George, UT",87,101,120,53,224,117.0,57.810033731178535,Volatile
"Lincoln, NE",130,80,119,106,150,117.0,23.46060527778429,Moderate
"Idaho Falls, ID",92,86,109,85,214,117.2,49.158519098931365,Volatile
"Roanoke, VA",150,96,121,105,116,117.6,18.380424369420854,Moderate
"Birmingham, AL",139,88,108,141,115,118.2,19.893717601293126,Moderate
"Cleveland, OH",156,117,117,128,80,119.6,24.401639289195305,Moderate
"Jacksonville, FL",107,108,116,124,149,120.8,15.380507143784303,Moderate
"Barnstable Town, MA",78,119,115,39,262,122.6,75.47343903652462,Volatile
"Carson City, NV",197,148,143,55,95,127.6,48.586417855198995,Volatile
"Lewiston, ID-WA",141,134,132,125,107,127.8,11.582745788456206,Stable
"Tyler, TX",149,140,135,117,100,128.2,17.543089807670714,Moderate
"Bremerton-Silverdale-Port Orchard, WA",49,170,97,138,189,128.6,50.56718303405876,Volatile
"Waterloo-Cedar Falls, IA",165,129,130,140,81,129.0,27.28369476445593,Moderate
"Tampa-St. Petersburg-Clearwater, FL",124,112,126,114,169,129.0,20.726794252850585,Moderate
"Providence-Warwick, RI-MA",114,161,125,119,126,129.0,16.57709262808168,Moderate
"Corvallis, OR",135,131,124,148,109,129.4,12.84678948220138,Stable
"Savannah, GA",119,114,128,131,157,129.8,14.905032707109369,Stable
"Columbus, OH",118,144,122,162,108,130.8,19.5386795869117,Moderate
"North Port-Bradenton-Sarasota, FL",109,125,137,93,197,132.2,35.63369192211214,Volatile
"Rochester, NY",153,138,134,149,103,135.4,17.62498226949463,Moderate
"Columbus, IN",127,143,131,146,143,138.0,7.536577472566709,Stable
"Ames, IA",176,99,133,171,111,138.0,31.00967590930289,Moderate
"Allentown-Bethlehem-Easton, PA-NJ",117,153,129,167,130,139.2,18.137254478007414,Moderate
"Colorado Springs, CO",95,155,127,129,191,139.4,32.05994385522221,Moderate
"Albany, OR",144,199,140,154,75,142.4,39.72203418758914,Volatile
"Asheville, NC",148,146,152,81,188,143.0,34.59479729670345,Moderate
"State College, PA",159,132,141,182,112,145.2,23.827714955488283,Moderate
"Mankato, MN",161,110,145,143,180,147.8,23.111901695879553,Moderate
"Amarillo, TX",186,128,147,153,127,148.2,21.497906874856447,Moderate
"Hilton Head Island-Bluffton-Port Royal, SC",100,164,146,104,234,149.6,48.75079486531477,Volatile
"Eugene-Springfield, OR",173,177,155,127,122,150.8,22.77191252398445,Moderate
"Oshkosh-Neenah, WI",177,106,142,183,148,151.2,27.621730575762268,Moderate
"Lafayette, LA",220,151,171,112,105,151.8,41.939957081523104,Volatile
"Akron, OH",188,192,151,147,82,152.0,39.55249676063447,Volatile
"Grand Island, NE",182,124,163,108,184,152.2,30.870050210519576,Moderate
"Bloomington, IL",134,139,136,195,165,153.8,23.455489762526813,Moderate
"Olympia-Lacey-Tumwater, WA",84,201,139,164,185,154.6,40.9712094036776,Volatile
"Columbia, MO",142,135,148,155,194,154.8,20.68235963327202,Moderate
"Wenatchee-East Wenatchee, WA",143,200,159,107,171,156.0,30.789608636681304,Moderate
"Syracuse, NY",164,154,149,173,146,157.2,9.987992791347018,Stable
"Lexington-Fayette, KY",187,188,162,139,117,158.6,27.557938965024217,Moderate
"Wilmington, NC",145,142,158,132,218,159.0,30.646370095004727,Moderate
"Detroit-Warren-Dearborn, MI",163,181,150,160,153,161.4,10.85541339608953,Stable
"Longview, TX",216,220,174,151,52,162.6,61.06259083923643,Volatile
"Kennewick-Richland, WA",108,215,144,175,173,163.0,35.59213396243614,Volatile
"Daphne-Fairhope-Foley, AL",137,137,160,166,216,163.2,28.909514004908488,Moderate
"Huntsville, AL",106,105,138,209,259,163.4,60.9412832158956,Volatile
"Slidell-Mandeville-Covington, LA",138,174,157,145,205,163.8,23.94493683432888,Moderate
"Iowa City, IA",167,120,154,185,193,163.8,25.794573072644564,Moderate
"Houma-Bayou Cane-Thibodaux, LA",229,165,166,184,83,165.4,47.28889933166134,Volatile
"Winchester, VA-WV",140,126,153,190,222,166.2,35.0907395191381,Volatile
"Springfield, IL",155,198,167,150,164,166.8,16.749925372968082,Moderate
"Fort Wayne, IN",195,178,170,161,132,167.2,20.855694665965935,Moderate
"Sheboygan, WI",180,121,156,192,187,167.2,26.19465594353169,Moderate
"Springfield, MO",206,160,180,158,144,169.6,21.518364250100422,Moderate
"Crestview-Fort Walton Beach-Destin, FL",129,136,178,122,289,170.8,62.229896352155365,Volatile
"Wichita, KS",194,183,172,170,139,171.6,18.423897524682445,Moderate
"Jefferson City, MO",183,150,176,179,176,172.8,11.685888926393234,Stable
"Pittsfield, MA",158,169,177,123,238,173.0,37.36843587842552,Volatile
"Pinehurst-Southern Pines, NC",128,167,164,186,228,174.6,32.628821615252974,Moderate
"Lubbock, TX",224,184,191,165,110,174.8,37.58403916558198,Volatile
"Reading, PA",170,186,161,213,145,175.0,23.177575369309018,Moderate
"Fond du Lac, WI",179,141,169,207,181,175.4,21.294130646729865,Moderate
"Louisville/Jefferson County, KY-IN",185,205,175,176,136,175.4,22.455288909297067,Moderate
"Bangor, ME",211,156,192,144,174,175.4,24.113066996962456,Moderate
"Sebastian-Vero Beach-West Vero Corridor, FL",157,195,182,133,212,175.8,27.938503896951964,Moderate
"York-Hanover, PA",160,179,165,228,163,179.0,25.353500744473138,Moderate
"Victoria, TX",221,204,200,163,113,180.2,38.561120315675474,Volatile
"Virginia Beach-Chesapeake-Norfolk, VA-NC",147,152,168,205,236,181.6,33.95644268765502,Moderate
"Walla Walla, WA",198,210,190,169,147,182.8,22.33741256278354,Moderate
"Cape Coral-Fort Myers, FL",136,166,181,157,276,183.2,48.6349668448535,Volatile
"Evansville, IN",212,190,199,159,159,183.8,21.423351745233514,Moderate
"Salem, OR",154,209,185,172,209,185.8,21.348536249588633,Moderate
"Kenosha, WI",151,175,173,223,207,185.8,25.786818338057916,Moderate
"Abilene, TX",241,193,205,189,106,186.8,44.36394932825525,Volatile
"Davenport-Moline-Rock Island, IA-IL",204,226,194,180,131,187.0,31.761612049768505,Moderate
"Buffalo-Cheektowaga, NY",199,194,189,187,166,187.0,11.29601699715435,Stable
"Great Falls, MT",234,149,214,137,202,187.2,37.7009283705322,Volatile
"Greenville-Anderson-Greer, SC",181,197,188,193,178,187.4,7.116178749862878,Stable
"Enid, OK",218,191,212,177,156,190.8,22.763128080296873,Moderate
"Chattanooga, TN-GA",189,173,187,212,198,191.8,12.890306435457616,Stable
"Riverside-San Bernardino-Ontario, CA",131,262,183,226,158,192.0,46.93399620744008,Volatile
"Little Rock-North Little Rock-Conway, AR",209,162,204,181,208,192.8,18.475930287809597,Moderate
"Salinas, CA",125,309,201,194,138,193.4,65.06796446793152,Volatile
"Harrisonburg, VA",178,157,196,196,241,193.6,27.717142709882634,Moderate
"Waterbury-Shelton, CT",166,176,179,230,219,194.0,25.51078203426935,Moderate
"Greensboro-High Point, NC",231,208,208,191,134,194.4,32.76949801263364,Moderate
"Morgantown, WV",219,185,203,217,151,195.0,25.13961017995307,Moderate
"New Orleans-Metairie, LA",243,207,215,156,155,195.2,34.55083211733112,Moderate
"Jackson, MS",232,159,210,197,179,195.4,25.096613317338257,Moderate
"Duluth, MN-WI",208,182,207,178,206,196.2,13.302631318652713,Stable
"Knoxville, TN",196,171,193,225,204,197.8,17.451647486698786,Moderate
"Janesville-Beloit, WI",207,172,198,229,183,197.8,19.711925324533876,Moderate
"Peoria, IL",200,235,202,198,154,197.8,25.786818338057916,Moderate
"Wichita Falls, TX",235,225,219,199,125,200.6,39.58585605996162,Volatile
"San Antonio-New Braunfels, TX",184,211,195,240,175,201.0,22.89978165834775,Moderate
"Palm Bay-Melbourne-Titusville, FL",174,180,197,202,253,201.2,27.89551935347324,Moderate
"Port St. Lucie, FL",169,214,211,188,233,203.0,22.208106627986098,Moderate
"Staunton-Stuarts Draft, VA",201,163,206,224,223,203.4,22.150395030337496,Moderate
"Norwich-New London-Willimantic, CT",122,168,186,238,306,204.0,63.093581290017134,Volatile
"Longview-Kelso, WA",192,263,209,216,141,204.2,39.40253798932246,Volatile
"Prescott Valley-Prescott, AZ",193,196,216,174,244,204.6,23.778982316322956,Moderate
"Vallejo, CA",115,254,184,258,230,208.2,53.525321110666866,Volatile
"Baton Rouge, LA",217,217,218,210,186,209.6,12.142487389328432,Stable
"Amherst Town-Northampton, MA",175,223,213,227,220,211.6,18.863721796082555,Moderate
"Brunswick-St. Simons, GA",213,189,225,168,264,211.8,32.676597130056244,Moderate
"St. Joseph, MO-KS",240,213,223,211,177,212.8,20.63395260244629,Moderate
"Lewiston-Auburn, ME",215,187,222,201,248,214.6,20.57765778702717,Moderate
"Racine-Mount Pleasant, WI",190,203,217,239,246,219.0,21.118712081942874,Moderate
"Albuquerque, NM",203,229,220,234,210,219.2,11.513470371699404,Stable
"Memphis, TN-MS-AR",239,233,221,246,162,220.2,30.23507896467281,Moderate
"Salisbury, MD",225,216,227,235,211,222.8,8.44748483277715,Stable
"Panama City-Panama City Beach, FL",191,212,228,204,284,223.8,32.4,Moderate
"Shreveport-Bossier City, LA",288,252,243,206,140,225.8,50.209162510442255,Volatile
"Columbia, SC",233,240,230,231,195,225.8,15.791136754521506,Moderate
"Cape Girardeau, MO-IL",247,222,235,200,231,227.0,15.709869509324385,Moderate
"Topeka, KS",210,224,224,243,245,229.2,13.13620949893842,Stable
"Kalamazoo-Portage, MI",227,237,229,236,217,229.2,7.222188034107115,Stable
"Las Vegas-Henderson-North Las Vegas, NV",202,290,233,219,203,229.4,32.376534712658795,Moderate
"Spartanburg, SC",252,255,232,253,172,232.8,31.517614122899595,Moderate
"Lynchburg, VA",254,206,234,232,242,233.6,15.818975946628152,Moderate
"Corpus Christi, TX",248,257,236,233,196,234.0,20.851858430365386,Moderate
"Charleston, WV",274,236,242,220,201,234.6,24.294855422496344,Moderate
"Athens-Clarke County, GA",261,219,238,221,237,235.2,15.104966070799366,Moderate
"Gettysburg, PA",171,228,226,280,275,236.0,39.61312913668901,Volatile
"Lebanon, PA",226,218,231,270,250,239.0,18.740330840195966,Moderate
"Canton-Massillon, OH",251,273,244,242,190,240.0,27.313000567495326,Moderate
"Niles, MI",255,280,246,222,199,240.4,27.803596889611246,Moderate
"Montgomery, AL",260,221,237,261,226,241.0,16.745148551147583,Moderate
"Rockford, IL",259,292,252,241,167,242.2,41.266935917269166,Volatile
"Flagstaff, AZ",214,245,256,203,303,244.2,35.23293913371406,Volatile
"Glens Falls, NY",228,227,248,218,302,244.6,30.328864139627782,Moderate
"Farmington, NM",269,282,257,254,170,246.4,39.459346167923265,Volatile
"Mobile, AL",284,244,259,249,200,247.2,27.33056896590336,Moderate
"Chambersburg, PA",223,232,240,277,266,247.6,20.538743875904387,Moderate
"Tucson, AZ",237,238,239,269,258,248.2,12.983065893693986,Stable
"Waco, TX",263,251,253,257,221,249.0,14.587666023048376,Stable
"Lawrence, KS",236,239,255,248,270,249.6,12.208193969625484,Stable
"Redding, CA",246,287,267,214,240,250.8,24.76610587072582,Moderate
"Lake Charles, LA",271,266,262,244,215,251.6,20.441134997841974,Moderate
"College Station-Bryan, TX",283,246,261,276,192,251.6,32.41357740207026,Moderate
"Stockton-Lodi, CA",172,328,245,286,227,251.6,52.92485238524525,Volatile
"Altoona, PA",258,230,264,215,297,252.8,28.477359428149235,Moderate
"Decatur, IL",289,288,268,237,182,252.8,40.106857269050636,Volatile
"Hagerstown-Martinsburg, MD-WV",205,243,241,295,281,253.0,31.924911902775865,Moderate
"Bloomington, IN",264,253,260,260,229,253.2,12.607934009979589,Stable
"Ithaca, NY",238,234,251,267,280,254.0,17.378147196982766,Moderate
"Pensacola-Ferry Pass-Brent, FL",230,242,249,274,282,255.4,19.59183503401353,Moderate
"Dayton-Kettering-Beavercreek, OH",242,264,250,271,255,256.4,10.209799214480176,Stable
"Manhattan, KS",256,250,263,262,252,256.6,5.2,Stable
"Lansing-East Lansing, MI",245,271,254,266,247,256.6,10.287856919689348,Stable
"Decatur, AL",249,202,247,291,294,256.6,33.80295845040786,Moderate
"Winston-Salem, NC",267,241,258,272,249,257.4,11.359577456930342,Stable
"Hattiesburg, MS",281,231,266,264,251,258.6,16.764247671756703,Moderate
"Lima, OH",266,279,269,252,239,261.0,13.98570698963767,Stable
"Sherman-Denison, TX",257,272,265,283,256,266.6,10.05186549850325,Stable
"Champaign-Urbana, IL",280,278,271,278,232,267.8,18.15929514050587,Moderate
"Deltona-Daytona Beach-Ormond Beach, FL",244,275,273,256,292,268.0,16.55294535724685,Moderate
"Erie, PA",282,259,274,259,267,268.2,8.885943956609225,Stable
"Fort Smith, AR-OK",299,256,275,268,254,270.4,16.25546062097288,Moderate
"Tuscaloosa, AL",292,249,270,309,235,271.0,27.077666073722085,Moderate
"Williamsport, PA",298,269,280,247,261,271.0,17.26267650163207,Moderate
"Tallahassee, FL",277,247,278,255,310,273.4,21.9508541975022,Moderate
"Toledo, OH",287,307,285,265,225,273.8,27.78776709273345,Moderate
"Hot Springs, AR",296,260,294,208,312,274.0,37.094473981982816,Volatile
"Utica-Rome, NY",262,267,272,285,288,274.8,10.107423014794621,Stable
"Sandusky, OH",250,300,286,245,300,276.2,24.036638700117784,Moderate
"Scranton--Wilkes-Barre, PA",275,281,279,263,286,276.8,7.756287771866126,Stable
"Lafayette-West Lafayette, IN",278,270,276,293,272,277.8,8.109253973085316,Stable
"Hickory-Lenoir-Morganton, NC",290,268,282,282,273,279.0,7.694153624668538,Stable
"Midland, MI",222,276,277,292,343,282.0,38.68332974292673,Volatile
"Dothan, AL",306,248,289,275,293,282.2,19.752468200202223,Moderate
"Elkhart-Goshen, IN",268,289,290,250,315,282.4,22.00545386943882,Moderate
"Springfield, MA",272,301,284,287,271,283.0,11.009087155618309,Stable
"Joplin, MO-KS",297,274,287,284,274,283.2,8.657944328765346,Stable
"Burlington, NC",285,277,283,296,279,284.0,6.6332495807108,Stable
"Kankakee, IL",253,317,288,279,283,284.0,20.454828280872952,Moderate
"Auburn-Opelika, AL",279,261,281,317,285,284.6,18.172506706560878,Moderate
"Jonesboro, AR",327,258,293,281,287,289.2,22.310535627814946,Moderate
"Lakeland-Winter Haven, FL",300,296,291,320,243,290.0,25.479403446705735,Moderate
"South Bend-Mishawaka, IN-MI",310,303,296,289,257,291.0,18.384776310850235,Moderate
"Yakima, WA",273,337,297,299,265,294.2,25.158696309626222,Moderate
"Augusta-Richmond County, GA-SC",276,297,292,315,299,295.8,12.544321424453377,Stable
"Modesto, CA",265,352,298,305,260,296.0,33.099848942253494,Moderate
"Blacksburg-Christiansburg-Radford, VA",295,265,295,313,316,296.8,18.15929514050587,Moderate
"Paducah, KY-IL",305,305,306,251,318,297.0,23.52020408074726,Moderate
"Gainesville, FL",316,283,300,294,305,299.6,11.001818031580054,Stable
"Monroe, LA",332,316,312,273,269,300.4,24.952755358877706,Moderate
"Binghamton, NY",301,286,299,311,307,300.8,8.541662601625049,Stable
"Texarkana, TX-AR",330,298,307,298,277,302.0,17.123083834403193,Moderate
"Michigan City-La Porte, IN",307,311,303,302,295,303.6,5.3516352641038605,Stable
"Watertown-Fort Drum, NY",286,304,304,307,319,304.0,10.564090116995406,Stable
"Owensboro, KY",304,318,308,290,301,304.2,9.130169768410662,Stable
"Ocala, FL",318,302,305,314,291,306.0,9.486832980505138,Stable
"Beaumont-Port Arthur, TX",315,320,301,304,290,306.0,10.601886624558858,Stable
"Florence-Muscle Shoals, AL",303,285,309,310,328,307.0,13.813037319865606,Stable
"Jackson, MI",314,312,302,318,296,308.4,8.138795979750322,Stable
"Dalton, GA",311,299,310,324,320,312.8,8.704022058795577,Stable
"Jackson, TN",324,294,315,308,326,313.4,11.655041827466773,Stable
"Elmira, NY",313,295,311,321,333,314.6,12.483589227461788,Stable
"El Paso, TX",333,319,319,331,278,316.0,19.879637823662684,Moderate
"Bowling Green, KY",321,322,313,327,298,316.2,10.146920715172657,Stable
"Macon-Bibb County, GA",336,308,323,306,314,317.4,11.01998185116473,Stable
"Gulfport-Biloxi, MS",319,284,314,339,339,319.0,20.248456731316587,Moderate
"Mansfield, OH",323,332,321,312,308,319.2,8.471127433818948,Stable
"Pocatello, ID",302,306,328,297,363,319.2,24.326117651610584,Moderate
"Punta Gorda, FL",291,313,322,319,353,319.6,19.915822855207367,Moderate
"Chico, CA",326,345,324,300,304,319.8,16.32666530556684,Moderate
"Fresno, CA",312,372,327,322,268,320.2,33.24093861490677,Moderate
"Albany, GA",338,315,326,316,309,320.8,10.186265262597475,Stable
"Rome, GA",317,291,320,328,351,321.4,19.31424344881259,Moderate
"Kingsport-Bristol, TN-VA",329,293,317,337,334,322.0,16.024980499208105,Moderate
"Atlantic City-Hammonton, NJ",270,353,332,288,370,322.6,38.00842011975767,Volatile
"Battle Creek, MI",325,329,316,333,313,323.2,7.6,Stable
"Monroe, MI",293,343,318,345,321,324.0,19.01578291840754,Moderate
"Wheeling, WV-OH",345,327,331,301,317,324.2,14.675149062275313,Stable
"Greenville, NC",340,310,329,325,323,325.4,9.687104830649869,Stable
"Cleveland, TN",309,314,325,343,341,326.4,13.763720427268202,Stable
"Yuba City, CA",294,374,333,340,311,330.4,27.207351947589462,Moderate
"Myrtle Beach-Conway-North Myrtle Beach, SC",320,335,338,303,360,331.2,19.030501832584445,Moderate
"Bakersfield-Delano, CA",334,378,346,344,263,333.0,37.98947222586805,Volatile
"Valdosta, GA",342,324,335,334,332,333.4,5.782732917920384,Stable
"Youngstown-Warren, OH",347,339,337,323,322,333.6,9.666436778875658,Stable
"Killeen-Temple, TX",328,333,330,359,327,335.4,11.976643937263894,Stable
"Johnstown, PA",335,330,341,326,349,336.2,8.133879763065101,Stable
"Beckley, WV",361,323,340,332,325,336.2,13.760813929415656,Stable
"Columbus, GA-AL",344,326,336,342,335,336.6,6.3118935352238,Stable
"Wildwood-The Villages, FL",308,362,334,361,324,337.8,21.05611550120297,Moderate
"Alexandria, LA",348,325,342,330,347,338.4,9.264987857520376,Stable
"Terre Haute, IN",346,334,343,338,338,339.8,4.214261501141095,Stable
"Huntington-Ashland, WV-KY-OH",343,346,339,341,330,339.8,5.418486873657626,Stable
"Florence, SC",351,331,345,336,345,341.6,7.1442284397967,Stable
"Parkersburg-Vienna, WV",358,336,349,335,337,343.0,9.055385138137417,Stable
"Springfield, OH",339,348,344,354,331,343.2,7.833262411026455,Stable
"Johnson City, TN",353,321,347,349,357,345.4,12.67438361420389,Stable
"Sierra Vista-Douglas, AZ",349,342,348,353,336,345.6,5.9531504264548865,Stable
"Grants Pass, OR",355,360,354,329,348,349.2,10.796295661012623,Stable
"Hammond, LA",366,357,351,348,329,350.2,12.253978945632314,Stable
"Clarksville, TN-KY",331,347,350,367,362,351.4,12.595237195067032,Stable
"Lake Havasu City-Kingman, AZ",354,349,352,352,355,352.4,2.0591260281974,Stable
"Muncie, IN",368,351,353,346,344,352.4,8.452218643646175,Stable
"Rocky Mount, NC",365,355,355,350,346,354.2,6.368673331236263,Stable
"Warner Robins, GA",322,338,356,373,383,354.4,22.29439391416596,Moderate
"Elizabethtown, KY",341,363,359,357,369,357.8,9.346657156438338,Stable
"Lawton, OK",357,344,358,364,367,358.0,7.92464510246358,Stable
"Bay City, MI",352,365,361,351,361,358.0,5.513619500836088,Stable
"Morristown, TN",356,340,357,368,372,358.6,11.16422858956229,Stable
"Vineland, NJ",350,376,365,358,352,360.2,9.47417542586161,Stable
"Muskegon-Norton Shores, MI",363,358,360,362,359,360.4,1.8547236990991407,Stable
"Jacksonville, NC",337,356,362,374,375,360.8,13.905394636614956,Stable
"Saginaw, MI",360,366,367,347,365,361.0,7.402702209328699,Stable
"Sebring, FL",370,361,366,356,354,361.4,5.986651818838306,Stable
"Pueblo, CO",362,369,364,355,358,361.6,4.841487374764082,Stable
"Las Cruces, NM",367,364,363,365,350,361.8,6.04648658313239,Stable
"Flint, MI",359,368,368,360,364,363.8,3.8157568056677826,Stable
"Anniston-Oxford, AL",377,341,369,366,374,365.4,12.784365451597512,Stable
"Weirton-Steubenville, WV-OH",371,371,370,363,356,366.2,5.912698199637793,Stable
"Goldsboro, NC",369,354,371,371,377,368.4,7.683749084919419,Stable
"Gadsden, AL",372,350,374,372,381,369.8,10.43839068055991,Stable
"Homosassa Springs, FL",374,370,373,369,366,370.4,2.870540018881465,Stable
"Visalia, CA",378,382,379,375,340,370.8,15.561490931141527,Moderate
"Hinesville, GA",364,359,372,381,379,371.0,8.461678320522472,Stable
"Fayetteville, NC",373,367,375,376,376,373.4,3.3823069050575523,Stable
"Yuma, AZ",384,385,384,380,342,375.0,16.589153082662175,Moderate
"Brownsville-Harlingen, TX",381,377,378,379,368,376.6,4.498888751680798,Stable
"Kokomo, IN",375,379,377,370,384,377.0,4.604345773288535,Stable
"Sumter, SC",380,375,376,377,378,377.2,1.7204650534085253,Stable
"Hanford-Corcoran, CA",376,381,380,382,371,378.0,4.049691346263317,Stable
"Laredo, TX",379,373,381,378,386,379.4,4.223742416388575,Stable
"Merced, CA",382,383,383,384,373,381.0,4.049691346263317,Stable
"McAllen-Edinburg-Mission, TX",383,380,382,383,380,381.6,1.3564659966250536,Stable
"Eagle Pass, TX",385,384,385,385,385,384.8,0.4,Stable
"El Centro, CA",386,386,386,386,382,385.2,1.6,Stable
